0,1,2
90.84304985437812,0.019374337540804244,0.09027857931058705
90.84306759581084,0.02104936650401078,0.08571544993421935
90.8430330493987,0.023036865662822023,0.08367210921425992
90.84317363107229,0.023754307010390698,0.08317111784673113
90.84459969216181,0.02147028873314837,0.08408818066559344
90.84689328637482,0.018043515548479893,0.08658991383290669
90.85098994548682,0.012867100527684618,0.09125190309166516
90.85735832561363,0.007188469750911494,0.09873211399863063
90.86116360388945,0.004098797818722216,0.10292310946300348
90.86394279661074,0.001804638996958503,0.10517881134750667
90.86562041319596,0.001468579228536476,0.1032304985330343
90.86651554631239,0.0019360674924001362,0.0994460243573211
90.86728199394423,0.0039764393742388535,0.0951302660951457
90.86759946253743,0.0070308394516983685,0.0928399993641622
90.8676995641819,0.01055048729250431,0.09039815641806206
90.86767403792105,0.014843457142692456,0.08663575417376922
90.86761486003245,0.01886073422294088,0.08458700375323977
90.86744477547386,0.02359628877250088,0.08475223995865701
90.86680640053227,0.02671891503637825,0.0869588777976068
90.86616311230583,0.02925820980663798,0.08930767685646962
90.86726093435783,0.03092648223243641,0.09260526558441162
90.86970115967013,0.03230881800828921,0.09643411872752894
90.87313842122096,0.03337792062309481,0.10024899430762431
90.87491508118454,0.034379480349542225,0.10172711914552156
90.87580120650026,0.035798787990308306,0.10133495828497778
90.87633016261707,0.03776022252391459,0.09996852416426782
90.87651989171708,0.04010033126628567,0.09815839099786239
90.87653850444892,0.04337847762703484,0.09536770546726128
90.87650612892693,0.045077870376302114,0.093345598979079
90.87632841772172,0.04674971019179745,0.09187028789390142
90.87565185179027,0.0481152996387821,0.09465922987662204
90.87457667186652,0.0472744413129157,0.09833073403065547
90.87661676082728,0.04670940766289931,0.10432935627513697
90.88057307122531,0.048248788882881435,0.11347039903644553
90.88506290072856,0.0506468040961266,0.12182113013464878
90.88924601491915,0.05389765682831242,0.1263494636017769
90.89136558599873,0.057130492334351975,0.12611625555925118
90.8920880792488,0.05876158008214241,0.12409565643790406
90.8925391562346,0.06052232136004978,0.11995613447514245
90.89265318276557,0.06175473551434002,0.11526859265288411
90.89265034657821,0.06281995180685823,0.110823144741574
90.89233476007239,0.06522574941693679,0.10950839472101591
90.89116605673868,0.06405058902770738,0.1108226195642953
90.89067548664445,0.061979654218686606,0.11322882189659483
90.89210317977059,0.06029180598156035,0.118108397578847
90.89497594017736,0.05996737673087752,0.1270473764088041
90.89771733364097,0.06030417397743766,0.13507253599201394
90.89981927839607,0.06041698674426345,0.13818955756336085
90.90158394458292,0.06036978826520072,0.13948891736031993
90.90272015350864,0.05992223356511673,0.13871662628910908
90.9033757577622,0.05937443207698317,0.13687312630119608
90.90353455421835,0.059074906603194505,0.13571417236202646
90.90364171346977,0.059183720143985936,0.13257638967696878
90.90362965046882,0.05985816298040468,0.12820563611069052
90.90354285228119,0.06079861554335262,0.12306018162357464
90.90326208444432,0.062083658346787036,0.12086922258443873
90.90252329491813,0.06255226242325555,0.12187241196700713
90.90224253597964,0.060842445358905255,0.12316997042398804
90.9039349777964,0.057151454940892826,0.12534312800798314
90.90700297500157,0.052560923211471745,0.1295752008719668
90.91156782429091,0.04732671052071134,0.13513474613591867
90.91699158197957,0.04168698234412298,0.13874994525944853
90.91878237813023,0.03802799094001198,0.1398004391090164
90.91989714081437,0.034785107696425524,0.14102666347539786
90.92043818736562,0.032341088139675185,0.14101662976645715
90.92067567195943,0.031106471676802142,0.14006927800413033
90.9206836283316,0.03080063932425819,0.13637987351195952
90.92060899813724,0.03077866443696472,0.13238754893388283
90.92045810729608,0.03147725003477386,0.12743655330030404
90.9199286943271,0.03398111327251686,0.1270291213861563
90.91858743415128,0.03553398468671336,0.12811158664073238
90.91801854982455,0.03611272579318292,0.1304683034381734
90.91951714606354,0.036698012597451826,0.13490001429197349
90.92272010653143,0.03745289767068356,0.14361470744683896
90.92668483354913,0.03773511637149546,0.15002014125471322
90.92989387876048,0.037361772341207355,0.15221424336165731
90.93111050770676,0.03690740395634227,0.15289267248466568
90.931354567447,0.036807459778172194,0.15302580919776215
90.93179634254433,0.03685234302289517,0.15278560341679837
90.93218142055662,0.03761448404984135,0.150527386639432
90.9322658033113,0.038562059436597976,0.14752583948967565
90.93222243215497,0.0406150695812249,0.14197758587613155
90.93215139085551,0.04264431995188934,0.14008065126343772
90.93147588939713,0.04400685261745011,0.14102833630722278
90.93013640469302,0.04281719779800348,0.14153485100470573
90.9307869449835,0.040161245197878996,0.14278056408378403
90.93407361796424,0.03573840276855698,0.14878662624636424
90.93479763703759,0.03504152912898396,0.15015465481260598
90.93886163471281,0.03198992250647475,0.15425962386958597
90.94177032371425,0.03051843949921325,0.15632816918821618
90.9438205391101,0.02938359083481859,0.15780383049319308
90.94511152624945,0.028011921463911547,0.1568910913254245
90.94544882613395,0.027522637243506592,0.15539366692748335
90.94560777906976,0.0268501564025268,0.1505747513751965
90.94560618851422,0.026117235012418253,0.1458872357156845
90.94546659871449,0.0230866194312107,0.14071710215637462
90.94248728529199,0.013839503242627182,0.1330117915388716
90.94228107583511,0.011925530758091057,0.13165022044297783
90.94177821886461,0.010186306592814363,0.13057714104232757
90.94025298773133,0.009871748619877234,0.12953833482284605
90.94025755278363,0.011797966107735675,0.13117820610581138
90.94338334784699,0.01575442532597144,0.13969576706716255
90.94601197410098,0.018515138138940835,0.14852132313580418
90.95006931607347,0.021647171023843195,0.1567736145498253
90.95318093116569,0.024498364007015203,0.16096561780656232
90.95469657365338,0.026174611447622835,0.16015197325690178
90.95549366221586,0.0267922896523117,0.15672455708017116
90.95580385993898,0.027162087940787432,0.1554631735055573
90.95607826558982,0.02813045903890609,0.15365319251033893
90.95613132358376,0.029598851156727713,0.15099579938751473
90.95609089977819,0.031086714994552712,0.1485492644705608
90.9559781870565,0.033989053900607004,0.1461118585738806
90.95594333136958,0.036243736128948836,0.14529600367048953
90.95582715708362,0.03695116202673453,0.14623381647184863
90.9548713689502,0.03577784019988558,0.14752862771101066
90.95429450554921,0.033794426975006155,0.1501426288282509
90.95400806667189,0.03207282838536868,0.15437159913188397
90.95348110404207,0.0309177772819088,0.15904505519048387
90.95312840024935,0.029387919914462185,0.16602559159038968
90.95433724349918,0.02812374076044963,0.17006660355509923
90.95520293104946,0.027763023432665464,0.17191426782659153
90.95552388876513,0.028312919168317775,0.17243439817132725
90.9555759854635,0.029073315947926632,0.1713304582364558
90.95551012327151,0.03033818825200133,0.16839169792996664
90.95534880887669,0.03221311459032873,0.16406302761405403
90.95514387185662,0.033565637653623484,0.15731760895720664
90.95491364575537,0.03702362815865345,0.15545038045509052
90.9545565569787,0.037537364210082295,0.15607735912225199
90.95382908661283,0.03722230798096915,0.15925129651519024
90.95353266727233,0.036710935001143585,0.1641848419972116
90.95316173991729,0.0358952970811632,0.17113698361693794
90.95257941209093,0.03357858853919356,0.18121173546808306
90.9519923411594,0.02913730908263313,0.18798998036049172
90.95286655793609,0.024874680214832988,0.18994816492010583
90.95375713793858,0.02129820069395968,0.19214077977753272
90.95408724694185,0.019379948663178704,0.19323096854776886
90.95413546884713,0.01877191076869182,0.19302301241202857
90.95397964412949,0.019570387840558805,0.1909512432156194
90.9537342138113,0.020619115409934916,0.18768642699163796
90.95347727794758,0.02174699595859369,0.18461025705131104
90.95319857220031,0.023247033222702447,0.1825747566572395
90.95101402426741,0.02334428765297594,0.1815356047866353
90.94906750901613,0.02124917488942498,0.18264312435065172
90.94801802617633,0.018985865018628506,0.18462956375235384
90.94727839964841,0.01701407969753215,0.18687128411552006
90.94681737292201,0.014694872661436873,0.19090898557180838
90.94651889427018,0.011483922701321213,0.19437127394062992
90.94647755201859,0.009950721574303246,0.19414636691528445
90.94634349741885,0.008816762809039452,0.1928950626487336
90.94620032710351,0.008318062875385326,0.1902319054085565
90.9460487552055,0.007774712505690487,0.18640765904935144
90.94586841682677,0.007618829305516232,0.18238894000757924
90.94565575668736,0.007846819705686157,0.17818184957347485
90.94526619298986,0.008913492254954705,0.17694233592764014
90.94446694789086,0.009509259924125444,0.17708167054910912
90.94323816282024,0.007062599957765734,0.17510960528190853
90.94197567382372,0.0009701575059944523,0.17148514982346522
90.94142386605161,-0.003294549557594252,0.1698061220570851
90.94096003493823,-0.008518067242019013,0.16918969859735453
90.9406999316152,-0.015112293854599449,0.16830310429115908
90.94076404138957,-0.02030835726986547,0.1668844175458531
90.94086892441005,-0.024195049224811364,0.16508023111335685
90.94086345757869,-0.02559401581042965,0.16375731721477346
90.94079022479089,-0.0252541796011032,0.1618608234336636
90.94065617111332,-0.023125156519389196,0.15820291403783154
90.9403809573494,-0.01845698560447456,0.15099572786412574
90.94027469733877,-0.0170197436780601,0.14908855500982124
90.93959431976792,-0.01629529552236307,0.14795427766083397
90.93756994971605,-0.017689731983271433,0.1483343741673409
90.93656536229322,-0.019091429544111978,0.14983742414371368
90.93613013549563,-0.02126167801210897,0.15333572534920162
90.93592045444089,-0.02406111974156553,0.1584692119816526
90.93557405910033,-0.027129980608714074,0.16448349594241923
90.93544400926436,-0.030638233315305224,0.16825862910648795
90.9354930440323,-0.03397838068628318,0.1701060209769204
90.93572770552515,-0.03508279035254414,0.17069301987318838
90.93573866846988,-0.0348052297411828,0.17022289137774277
90.935622852029,-0.03344762714776312,0.1664914112034809
90.93531735268972,-0.031069002820450584,0.16150505624164005
90.93493573778515,-0.029179575718559992,0.1570369333811755
90.93335969754924,-0.025377351860787337,0.15289061080477226
90.9288196204866,-0.023074894198424872,0.1544319153001635
90.92237443018789,-0.023103301954875793,0.15592003940726434
90.91838791516432,-0.02416156056391771,0.1581556337416548
90.91525786486872,-0.02404593114111611,0.16692902571364174
90.91282005069255,-0.02245424554444614,0.17792079499777624
90.91161577192359,-0.021013762353232997,0.1831013947485617
90.90956853065393,-0.018890612325262904,0.1848055069710513
90.90835365560946,-0.01672782484027364,0.18167594503075996
90.90744317763351,-0.014375895756790751,0.1726404099750228
90.9071023986445,-0.01285132047369897,0.16801639603198326
90.90678988869728,-0.011552488565359233,0.16450639102636502
90.90634649804444,-0.009498622045541659,0.16008132362232266
90.9058787235872,-0.006907145873059213,0.15614380491582946
90.90518716024626,-0.003961671308630682,0.1541186603236007
90.90359191972433,-0.0028297297177176293,0.15320682646595088
90.90244803191635,-0.0033679948561012923,0.1517480490050365
90.9013557438,-0.007098711082849914,0.15041499473703152
90.90055179831829,-0.01248847414648173,0.15030121171653668
90.90005034134889,-0.0177560535296925,0.1522850096219157
90.89955995500081,-0.022359112712488013,0.15389410561567599
90.8993231334696,-0.02470241394361414,0.15522763315760918
90.89919211396477,-0.02486937103351772,0.1554243307311081
90.89899132887956,-0.02441477135486247,0.15389403774519636
90.89882932822822,-0.023536426582291433,0.15187341316896527
90.89867609605982,-0.02248681344644712,0.14962505987320804
90.89839658341629,-0.02097965595494529,0.14482192294212018
90.89814040833353,-0.01883050470511511,0.1408411709567668
90.89777407399006,-0.01799266290761107,0.13991548536071585
90.89697150296563,-0.01923498050473009,0.14092533926487702
90.89637381675654,-0.021665075442821743,0.1441380282107285
90.89566601286901,-0.024567201588429163,0.14918775181435465
90.89518418941996,-0.028001794752662196,0.1557169307345262
90.89501033803951,-0.029507067800476103,0.1592266172018754
90.89471816153032,-0.03289742885456386,0.16578278872899996
90.89451618246133,-0.03552188051521019,0.16992394486079732
90.89437131510832,-0.03673606879163263,0.17121140622273986
90.8941265142374,-0.037627076492168524,0.1699913300640164
90.8938475113253,-0.0376621333681698,0.1684510392952297
90.89349681835246,-0.03820859076448519,0.16495179502912544
90.89317439804842,-0.03945887855961494,0.16171011336627655
90.89274238591604,-0.041998704842494045,0.1615281844515618
90.89160667299838,-0.04404253920003022,0.16633815812955505
90.88926634972351,-0.045209824702104946,0.17427377433141994
90.8859819147319,-0.046705574818958144,0.1858294681249876
90.88387084991717,-0.049184834077030004,0.19740435186243407
90.88087017493673,-0.05410245460005494,0.2125816712183006
90.8785583136062,-0.05855579799564898,0.221294232273515
90.87728014027309,-0.06291541965411478,0.22781933273152719
90.87635334369247,-0.06817495847794128,0.23200957915977063
90.87566377445582,-0.0724388197321417,0.23380529101511124
90.8749466679499,-0.07470666373155282,0.23461873931583474
90.87432707919864,-0.07558206050777014,0.23350825462691183
90.87363218797833,-0.0764678706177716,0.22997407975309422
90.87283818662216,-0.0769884516869887,0.22540587804362563
90.869190011869,-0.0768506858533069,0.22578071999294805
90.86266415003301,-0.07843554010104772,0.2285431330183579
90.85542019917375,-0.08228809895344587,0.23086845599193764
90.85156983976194,-0.08552604367202932,0.23543389298014086
90.84867631219504,-0.0881695404418045,0.24078542603508782
90.84397541300055,-0.09262250259883345,0.24891166178463633
90.84142604753397,-0.09525045212654573,0.25126950022029
90.83992355724504,-0.09688073518686346,0.2509701166277334
90.83896746636675,-0.0978664922453437,0.24885078020191423
90.8378782648305,-0.09843750985126329,0.24446281234516998
90.83674962183989,-0.09899725701821437,0.23816788405412903
90.83556623845394,-0.09963831602276287,0.23253740136506612
90.83246667428217,-0.0997400612323739,0.2319018881377445
90.82901365257123,-0.10085024696357864,0.2329560719558818
90.82134981388425,-0.10613165666575902,0.2349122353311196
90.8186337654401,-0.10897777805528525,0.23585053520710283
90.81559310891986,-0.11357042984822788,0.2373306179593386
90.81242254309115,-0.11749196894139595,0.24148489349069854
90.80755149399104,-0.11989742329630118,0.24730950224112871
90.80361585918719,-0.12183783275611015,0.25225896279839505
90.80215982455555,-0.12330600765286623,0.2508885334410752
90.800656846544,-0.12596734793928982,0.24480934871831012
90.7995365043553,-0.12825166626063533,0.23854906536349102
90.79818308829759,-0.130409283820309,0.23120060529150144
90.79712001610615,-0.13064239212155787,0.23119755600991115
90.79144995815284,-0.13186524095927268,0.23437102810936383
90.787178920485,-0.13524279877905962,0.23774364763033312
90.7819339257112,-0.13993432739170894,0.24091595343357455
90.77362439314756,-0.14640264644622272,0.24927770663943505
90.76832161482334,-0.15029837407421653,0.25694196779736656
90.76302790110643,-0.15351357054918216,0.2633883261703685
90.76136728309204,-0.15388001037661017,0.2656968743059748
90.75987562783699,-0.15334579901000384,0.2651411608636927
90.75888873314194,-0.15256176223704035,0.26239603159271196
90.75820775007602,-0.1514510592368176,0.25981327617607136
90.75754005839366,-0.1502772462614102,0.2566494501839565
90.7569806511324,-0.14912544016726054,0.25357109952952084
90.75598262857797,-0.1458350084875539,0.2524794196884089
90.75538719007979,-0.14443669259084643,0.25463454082795145
90.75413772235166,-0.1438804001030699,0.2581618945669104
90.75022294826434,-0.14315519029542997,0.2640724731905768
90.74412471975366,-0.14173791219596718,0.27412804224398774
90.74032379177028,-0.14111281379096177,0.27938094006578407
90.73707382103487,-0.14127291778211457,0.28210509553674246
90.73487046011319,-0.14257316956849092,0.28241698615066496
90.73383278411212,-0.14416783493908153,0.2819427513932348
90.73288260247465,-0.1460799709368837,0.27887287862867544
90.73252923284679,-0.14508542837980506,0.27652321696097204
90.73214986708415,-0.14313948539046153,0.27273851548279787
90.73171063698629,-0.14070183817801288,0.26755455555731467
90.73119893803769,-0.1380353200283468,0.26155664728940997
90.73044115424295,-0.13465636463700104,0.2540961132078184
90.73025072839727,-0.13381835517133517,0.2528186686895101
90.72656138509035,-0.13233839610647116,0.2521252395215176
90.72156281186369,-0.1325056473735028,0.25433432187692034
90.71659019143242,-0.13326302153811484,0.2578402441521789
90.71111417760791,-0.13442173589161063,0.2634938301726909
90.70807010331278,-0.13533806538795676,0.2690204384373173
90.7049404105444,-0.13634921651750842,0.2768838853379985
90.70308895442918,-0.1369866189054105,0.2837134296464636
90.70211439318174,-0.13676610570971887,0.285978623255377
90.70150437927411,-0.13553152482181804,0.28306337902324247
90.70105264149868,-0.13435337801462052,0.2793072530925376
90.70028917244403,-0.13228638601113651,0.27131660876034674
90.69952463203651,-0.13046775736043384,0.26324218966032076
90.69324448263482,-0.12699270297246232,0.2601230044311614
