0,1,2,3,4,5
0.12251000000000001,-2.1149999999999998,-3.908,4.30918,0.0,0.3029
0.11095,-2.2031,-4.0385333333333335,4.48618,0.0,0.21556000000000003
0.10171,-2.2031,-4.053866666666667,4.48978,0.0,0.0
0.11326,-2.2471666666666668,-4.0385333333333335,4.5241,0.0,0.0
0.0,-2.4675,-4.099933333333333,4.62162,0.0,0.0
0.0,-2.423433333333333,-4.107633333333333,4.64872,0.0,0.0
0.0,-2.3793666666666664,-4.176733333333334,4.69568,0.0,0.0
0.11095,-2.5115333333333334,-4.2919,4.87988,0.0,0.0
0.11095,-2.5556,-4.407066666666666,5.01534,0.0,0.0
0.10171,-2.5115333333333334,-4.368666666666667,4.9702,0.0,0.0
0.10633,-2.643733333333333,-4.4454666666666665,5.102040000000001,0.0,0.0
0.10864,-2.6877999999999997,-4.483833333333333,5.2122,0.0,0.0
0.10171,-2.775933333333333,-4.514566666666666,5.2447,0.0,0.0
0.10633,-2.731866666666667,-4.5376,5.29888,0.0,0.0
0.10402,-2.5556,-4.384033333333334,5.0045,0.0,0.0
0.0,-2.5556,-4.361,4.9882599999999995,0.0,0.0
0.0,-2.599666666666667,-4.368666666666667,5.0316,0.0,0.0
0.0,-2.6877999999999997,-4.361,4.99186,0.0,0.0
0.11095,-2.5556,-4.376366666666667,4.99908,0.0,0.0
0.11326,-2.423433333333333,-4.368666666666667,4.9702,0.0,0.0
0.10633,-2.599666666666667,-4.3994,5.07314,0.0,0.0
0.11326,-2.4675,-4.345633333333333,4.99908,0.0,0.0
0.0,-2.2031,-4.138333333333333,4.81848,0.0,0.0
0.0,-1.8506,-3.0557666666666665,3.8034999999999997,0.0,0.0
0.0,0.0,-0.476,0.47678000000000004,0.0,-0.42184
0.0,0.7490333333333333,0.0,0.0,0.0,0.26946
0.0,0.7931,0.0,0.0,0.0,0.0
0.0,0.5728,0.0,0.0,0.0,0.0
0.0,0.6168666666666667,0.0,0.0,0.0,0.0
0.0,0.7050000000000001,0.0,0.0,0.0,0.0
0.0,0.6609333333333333,0.0,0.0,0.0,0.0
0.0,0.5287333333333334,0.0,0.24742000000000003,0.0,0.0
0.0,0.48466666666666663,-0.33780000000000004,0.41176,0.0,0.0
0.0,-0.39653333333333335,-0.6679666666666666,1.28228,0.0,0.27318
0.0,-3.9215666666666666,-1.4741333333333333,4.35614,0.0,0.76936
0.0,-5.816233333333333,-1.5432333333333332,5.35848,0.0,1.21352
0.0,-7.446566666666667,-1.2668333333333333,5.58604,0.0,0.81024
0.0,-9.165000000000001,-0.7370666666666666,5.434340000000001,0.0,0.7823800000000001
0.0,-8.239700000000001,0.0,5.8407,0.0,0.85114
0.0,-7.755,0.0,6.582980000000001,0.0,0.8251200000000001
0.1803,-18.8147,-3.6546333333333334,8.24092,0.0,1.14848
0.14562999999999998,-18.330000000000002,-3.9310333333333336,8.445,0.0,0.82698
0.13869,-16.6997,-4.0769,7.7894000000000005,0.0,0.6559999999999999
0.18492,-12.469700000000001,-3.6085666666666665,7.4011,-0.3036,1.06114
0.12482,-5.9925,-2.1037,4.18998,-0.27136,1.2618399999999999
0.0,-4.185933333333334,-1.8733666666666666,4.35434,0.0,0.21183999999999997
0.0,-0.8371666666666666,-1.2438,3.0901199999999998,0.0,1.06298
0.0,0.0,-1.0595333333333332,2.65846,0.0,0.4683
0.0,0.0,-1.4127,3.81252,0.0,0.20812
0.0,0.0,-1.0672,2.94744,0.0,0.34750000000000003
0.0,-0.39653333333333335,-0.9750666666666666,2.71626,0.0,0.5482199999999999
0.0,0.35250000000000004,0.0,0.0,-0.22433999999999998,0.5575
0.0,1.4540333333333333,0.0,-0.8433999999999999,-0.40838,0.63184
0.0,1.4981,1.5509000000000002,-4.66678,-0.32374,0.9533400000000001
0.0,0.0,1.4818,-4.3453,-0.26598,0.9663600000000001
0.0,-7.710933333333333,1.2438,-3.15152,-0.3036,1.85838
0.0,-10.486866666666666,1.1746999999999999,-2.18168,-0.48764,1.719
0.0,-14.320333333333332,1.1056000000000001,-1.12696,-0.48091999999999996,1.9029800000000001
0.0,-14.5847,1.7659,-1.12334,-0.49837999999999993,2.0665199999999997
0.0,-2.5556,6.065466666666667,0.30882,-0.52256,1.5981999999999998
0.0,3.1725,7.785299999999999,0.7765799999999999,-0.48091999999999996,1.34918
0.10171,-13.395000000000001,0.0,3.1786000000000003,-0.48495999999999995,1.47742
0.1595,-14.4525,-0.8368666666666668,4.4049,-0.41778000000000004,1.46998
0.15025,-11.6325,1.3129,3.957,-0.29016000000000003,1.17636
0.10633,-10.310633333333334,0.4683333333333333,3.4441,-0.32374,0.5612199999999999
0.141,-11.676566666666666,-1.4203999999999999,3.2689,-0.34792,0.75822
0.0,3.0843666666666665,0.0,1.10348,-0.7214,0.0
0.0,9.385299999999999,1.6277,1.16126,-0.8369199999999999,-0.6244
0.0,8.768433333333332,1.1439666666666668,0.89036,-0.69722,-0.2676
0.0,6.653433333333333,0.0,1.09806,-0.67572,0.31964000000000004
0.0,2.2471666666666668,-0.4606666666666666,0.29618,-0.46749999999999997,0.75636
0.0,0.7050000000000001,0.0,-0.3323,-0.41778000000000004,0.79538
0.0,0.44060000000000005,1.0825666666666667,-3.0558,-0.41778000000000004,0.7842399999999999
0.0,0.6609333333333333,1.1746999999999999,-3.5163400000000005,-0.46212,0.90502
0.0,0.0,1.4203999999999999,-4.26764,-0.38824000000000003,1.22282
0.0,-1.1896666666666667,1.5125333333333335,-5.0027,-0.42854000000000003,0.9217599999999999
0.0,-3.0403000000000002,1.2821666666666667,-4.78236,-0.35734,1.20608
0.0,-8.239700000000001,0.9520333333333334,-3.88658,-0.33584,1.4068
0.0,-7.9753,2.4031333333333333,-2.9528600000000003,-0.43390000000000006,1.2153800000000001
0.12713000000000002,-17.008133333333333,0.0,2.36048,-0.52392,1.16706
0.20573000000000002,-20.753466666666665,-0.7831333333333333,3.3573999999999997,-0.51988,1.10574
0.18955,-19.12313333333333,-0.7908,4.24598,-0.5682400000000001,0.55194
0.25658,-20.9297,-2.6104333333333334,5.40726,-0.6475,0.72662
0.24270999999999998,-15.245633333333332,-2.8100666666666663,5.7522,-0.72274,0.5816600000000001
0.19879,-10.839366666666665,-2.6027666666666667,6.19106,-0.5454,0.30848
0.17104999999999998,-2.6877999999999997,-1.8426666666666665,4.80946,-0.67034,0.0
0.11557999999999999,1.3659333333333334,-1.4127,4.87988,-0.39764,0.0
0.11326,0.0,-1.6507333333333334,3.99674,-0.32911999999999997,0.22671999999999998
0.0,-1.2778,-1.1286333333333334,1.7103000000000002,-0.30628,0.40326000000000006
0.12944,0.0,0.0,0.29798,-0.45002000000000003,0.63742
0.11326,0.0,0.0,-0.49484000000000006,-0.4245,1.0518399999999999
0.13638,0.0,0.0,-1.2768599999999999,-0.56556,1.1744999999999999
0.12251000000000001,-1.3659333333333334,0.42993333333333333,-2.8752,-0.6031799999999999,1.45696
0.11789000000000001,-3.7453000000000003,0.6372333333333333,-3.22014,-0.47018000000000004,1.8175000000000001
0.12944,-13.659366666666665,0.0,-2.8625599999999998,-0.50108,2.00334
0.13407,-17.933433333333333,1.2207666666666668,-1.22448,-0.47824,1.8844
0.13176000000000002,-17.448766666666668,3.439666666666667,-1.18114,-0.579,1.61308
0.0,-13.5272,5.4359,-1.44482,-0.44196,1.8212199999999998
0.10402,-18.5944,2.311,0.0,-0.56018,0.61326
0.18261,-21.899066666666666,0.0,1.68864,-0.66632,0.91618
0.18955,-18.6825,0.6602666666666667,2.39298,-0.5346599999999999,0.98866
0.12482,-10.486866666666666,1.9424666666666666,3.6554,-0.4957,0.34750000000000003
0.14331,-9.341233333333333,-0.6295666666666667,4.48076,-0.48495999999999995,0.64114
0.0,-6.565300000000001,-1.3973333333333333,5.093,-0.30494,0.20070000000000002
0.0,-2.643733333333333,-2.6488333333333336,4.17734,-0.34658,0.0
0.0,-4.053733333333333,-2.226566666666667,1.88548,-0.3251,0.39211999999999997
0.0,-1.8506,0.0,-0.92106,-0.35062000000000004,1.1429
0.0,-2.2471666666666668,0.38386666666666663,-2.50856,-0.3318,0.99238
0.11557999999999999,-2.3793666666666664,0.7677666666666667,-3.51452,-0.49704,1.3231600000000001
0.13407,-17.09626666666667,0.0,-3.2544600000000004,-0.49168,1.95874
0.13176000000000002,-22.912533333333332,0.0,-2.16,-0.446,2.152
0.15487,-25.380033333333333,0.9520333333333334,-1.85298,-0.4366,2.3991800000000003
0.16412,-21.678766666666665,2.8791666666666664,-2.0082999999999998,-0.4366,2.4920999999999998
0.14562999999999998,-20.9297,2.8638333333333335,-1.1847400000000001,-0.36674,2.09254
0.11557999999999999,-21.061899999999998,0.7370666666666666,0.9228799999999999,0.0,1.6873999999999998
0.12944,-17.625,1.2438,1.797,-0.22835999999999998,1.43838
0.0,-11.500300000000001,1.1286333333333334,2.61332,-0.23642,0.7452
0.0,-1.7625,1.6430333333333333,3.7475,-0.29956,0.47202
0.0,2.952166666666667,2.410833333333333,3.38992,0.0,0.80838
0.0,2.5115333333333334,0.9289999999999999,3.20208,0.0,0.0
0.0,0.44060000000000005,-0.6756333333333333,3.19486,0.0,-0.22113999999999998
0.0,-1.3218666666666665,0.0,-0.9788600000000001,0.0,0.66716
0.0,-2.3793666666666664,0.4606666666666666,-2.67112,-0.26732,1.02768
0.0,-2.5115333333333334,0.691,-3.3845,-0.28748,1.0332599999999998
0.0,-3.7453000000000003,1.0748666666666666,-4.55842,-0.38554,1.11502
0.0,-7.931233333333334,1.1593333333333333,-4.89254,-0.27942,0.88458
0.10402,-16.3472,0.33780000000000004,-3.4675800000000003,-0.49837999999999993,1.06114
0.11326,-20.136566666666667,4.7756,-1.34728,-0.6031799999999999,1.06114
0.0,-13.306866666666666,8.0694,-1.75364,-0.50644,0.8641400000000001
0.0,-22.515966666666667,3.3859,-0.71338,-0.58974,0.64856
0.12944,-24.630966666666666,0.7216999999999999,1.53332,-0.60988,1.1168799999999999
0.0,-19.6519,1.6277,2.05886,-0.5172,0.49618
0.0,-16.5675,0.0,2.40202,-0.5870599999999999,0.0
0.0,-1.2337333333333333,0.0,4.24056,-0.24986000000000003,0.43857999999999997
0.0,2.1590333333333334,0.0,3.3375399999999997,-0.21896,0.0
0.0,-2.3793666666666664,-2.410833333333333,2.82644,-0.21627999999999997,0.42742
0.0,-1.4981,-0.5374333333333333,-0.5418000000000001,-0.21494,0.9068799999999999
0.0,-1.5862333333333334,0.0,-2.26836,-0.33046000000000003,1.1522000000000001
0.0,-1.9387333333333334,0.6372333333333333,-3.5452399999999997,-0.2915,1.17636
0.0,-6.080633333333334,0.9597000000000001,-4.5512,-0.29822000000000004,1.28414
0.0,-10.883433333333334,0.8906000000000001,-4.484360000000001,-0.41242,1.2339600000000002
0.0,-20.489066666666666,0.0,-3.28516,-0.6313799999999999,1.16892
0.11095,-28.860966666666666,0.8292,-2.04984,-0.47958,1.56104
0.0,-28.28816666666667,2.8945333333333334,-1.03666,-0.6031799999999999,0.66344
0.0,-23.7497,5.451233333333334,-2.06068,-0.9551399999999999,0.54078
0.0,-23.705633333333335,3.0557666666666665,-0.52736,-0.8181200000000001,0.89388
0.11326,-23.353133333333332,2.5874,0.23837999999999998,-0.5642199999999999,1.23582
0.0,-18.374066666666668,0.0,2.45078,-0.58974,0.45902000000000004
0.0,-9.473433333333334,-1.0672,4.54216,-0.5776399999999999,0.73592
0.0,-0.6168666666666667,0.0,4.41212,-0.31972,0.23228
0.0,4.846866666666666,0.0,3.0828800000000003,-0.22433999999999998,-0.22858
0.0,-2.2912333333333335,-1.8503333333333334,0.9084199999999999,-0.2606,0.643
0.0,-1.6303,0.0,-2.4417400000000002,-0.36136,1.05928
0.0,-2.9080999999999997,0.7677666666666667,-3.99674,-0.3439,1.13732
0.0,-4.846866666666666,1.0288,-4.5855,-0.28614,1.2618399999999999
0.13176000000000002,-29.301599999999997,-0.9136333333333333,-1.77352,-0.4366,1.2915800000000002
0.14562999999999998,-35.55846666666667,-0.7140333333333334,-0.80548,-0.50108,1.01468
0.0,-29.477833333333333,2.311,-1.14862,-0.22433999999999998,0.5482199999999999
0.0,-33.311299999999996,0.5681333333333333,-0.6953199999999999,-0.42988,0.93848
0.10864,-31.108166666666666,-0.7831333333333333,0.50388,-0.6327200000000001,1.29342
0.13407,-9.958133333333334,1.9348,1.49538,-0.6502,1.5183
-0.12944,0.0,2.203533333333333,3.2039,-0.26464,0.22113999999999998
0.0,5.1552999999999995,1.8963999999999999,3.4675800000000003,-0.52928,0.33636
-0.18492,3.9656000000000002,-0.38386666666666663,3.6788800000000004,0.0,0.0
0.0,0.6609333333333333,-2.4338666666666664,2.9420200000000003,-0.31838,0.0
0.0,-1.1456,-1.5893,0.49664,0.0,0.73592
0.0,-1.6743666666666668,0.0,-3.03594,-0.29688,0.98866
0.0,-2.2031,0.6526,-3.7258400000000003,-0.49168,1.49414
0.0,-3.3487333333333336,0.9981,-4.72276,-0.28881999999999997,1.10388
0.0,-5.9925,1.2821666666666667,-5.0117199999999995,-0.39226,0.94406
0.12944,-20.268766666666668,0.5528000000000001,-3.5633000000000004,-0.39764,1.53316
0.0,-39.21566666666667,0.0,-1.6759799999999998,-0.62198,0.39768
0.0,-34.54503333333333,2.1805,-1.55138,-0.6502,0.7191799999999999
0.0,-29.521900000000002,1.3589666666666667,-0.59236,-0.7093,1.26928
0.0,-26.305333333333333,1.7812333333333334,-0.31604,-0.51048,1.2767
0.0,-17.7572,2.6488333333333336,1.2750400000000002,-0.69184,0.30848
0.36061,-13.967833333333333,1.5509000000000002,2.72168,-1.3742800000000002,1.43652
0.18723,8.063433333333334,5.197866666666667,1.80964,-0.68914,1.50528
0.0,4.009666666666667,1.1363,2.55734,0.0,0.55194
0.14562999999999998,-2.775933333333333,-0.691,-1.23892,-0.46614000000000005,1.77104
0.0,-2.4675,0.0,-1.5838800000000002,-0.22702,1.40866
0.0,-3.1284333333333336,0.7140333333333334,-3.4729799999999997,-0.4648,1.49972
0.0,-4.274066666666667,0.8215,-4.52772,-0.5051,1.03512
0.12713000000000002,-8.768433333333332,0.6986666666666667,-3.8739199999999996,-0.39898,1.7784600000000002
0.0,-22.163466666666665,0.0,-2.68194,-0.70662,0.5352
0.18261,-34.324733333333334,-0.9213333333333332,-1.1721,-0.81678,0.68016
0.0,-36.704100000000004,1.5048333333333332,-1.4827400000000002,-0.38824000000000003,0.76008
0.10402,-31.680966666666666,1.2975333333333332,-1.4719,-1.12576,1.8751000000000002
0.0,-18.065633333333334,4.5376,-1.8313,-1.19292,1.31016
0.21728999999999998,-17.7572,4.483833333333333,-1.1450200000000001,-1.3205399999999998,1.9736
0.15487,-16.435333333333332,3.7083666666666666,-0.6935,-0.95246,2.1036799999999998
0.20342,-12.381566666666666,0.4606666666666666,1.06554,-1.04784,1.58148
0.11095,-8.415933333333333,0.0,1.65974,-0.6031799999999999,2.00334
0.1202,-0.48466666666666663,-0.6065333333333334,1.38522,-0.42047999999999996,1.7375800000000001
0.0,-4.0978,-1.4664666666666666,-0.25826,-0.5682400000000001,0.98308
0.0,-3.2165666666666666,0.6756333333333333,-3.55968,-0.43524,1.4458199999999999
0.14562999999999998,-4.714666666666667,0.5374333333333333,-3.70054,-0.64482,1.5350199999999998
0.141,-12.205300000000001,0.476,-4.42296,-0.67168,1.06484
0.13176000000000002,-21.72283333333333,0.0,-3.04134,-0.56018,1.6372399999999998
0.16874,-26.52563333333333,0.0,-2.41826,-0.51048,2.41032
0.0,-23.353133333333332,2.096033333333333,-1.65792,-0.29554,2.40288
0.0,-25.732533333333333,1.2975333333333332,-2.01372,-0.34256000000000003,2.46236
0.0,-26.040966666666666,0.5528000000000001,-1.7247599999999998,0.0,2.7597
0.0,-21.105966666666667,0.6142,-2.0426200000000003,0.0,1.6204999999999998
0.0,-14.981266666666668,0.3685333333333333,-1.18114,0.0,1.99776
-0.16874,-4.626566666666666,0.6756333333333333,0.0,0.20015999999999998,1.54802
-0.1803,0.6168666666666667,0.4837,1.443,0.0,0.60396
-0.19186,-0.6168666666666667,-1.167,1.1703,0.27538,0.39954
0.0,-2.1149999999999998,0.4606666666666666,-2.83366,0.0,0.59096
0.0,-2.8640666666666665,0.6756333333333333,-4.27306,0.0,0.5352
0.0,-4.758733333333333,0.9520333333333334,-5.19956,0.0,0.9068799999999999
0.0,-11.6325,0.9597000000000001,-5.0063200000000005,0.0,1.2153800000000001
0.13638,-27.84753333333333,-0.4146,-3.15874,0.0,1.28786
0.0,-40.44943333333333,0.5911666666666667,-1.42134,0.2633,0.5259199999999999
0.0,-36.30753333333333,0.0,-0.9084199999999999,0.0,0.8567
-0.16412,-28.5966,0.4529666666666667,0.0,0.29822000000000004,0.88272
0.13176000000000002,-16.743766666666666,2.1881666666666666,-0.83438,-0.46212,1.8620999999999999
-0.32824,3.7453000000000003,0.8368666666666668,2.83908,0.43524,0.8251200000000001
-0.60564,4.758733333333333,-0.39923333333333333,3.1154,0.57228,-0.84184
-0.68423,4.274066666666667,0.0,2.11124,0.8154199999999999,0.2453
-0.3398,-1.8065333333333333,-0.5528000000000001,-1.25338,0.31434,-0.26946
-0.33287,-1.6743666666666668,0.6756333333333333,-3.07206,0.3439,0.0
0.0,-5.772166666666667,1.0518333333333334,-5.347659999999999,0.0,0.61326
0.0,-7.182166666666667,0.8829333333333333,-5.347659999999999,0.0,0.73406
0.0,-15.774366666666666,0.8368666666666668,-4.56384,0.0,1.0332599999999998
0.17337,-26.613766666666667,0.6602666666666667,-3.9786799999999998,0.0,1.73944
0.17337,-38.37846666666667,0.4222666666666666,-2.88964,0.0,1.26556
0.0,-16.479400000000002,8.7297,-2.60248,-0.47152000000000005,1.2915800000000002
0.0,-21.150000000000002,3.6239333333333335,-1.29672,0.0,0.98866
0.0,-8.8125,4.000133333333333,0.0,-0.43524,1.03512
-0.40453,16.787833333333335,12.476466666666667,-0.98248,0.0,0.38839999999999997
-0.10864,5.728133333333333,2.1190666666666664,1.30214,-0.23106,0.30104000000000003
-0.16412,5.728133333333333,0.5604666666666667,2.1834800000000003,0.0,0.0
-0.16874,-3.1284333333333336,-1.5969666666666666,0.0,0.0,0.0
0.0,-1.8946666666666667,0.0,-2.79572,0.0,0.23414000000000001
0.0,-3.3928,0.4376333333333333,-4.45728,0.0,0.0
0.0,-6.036566666666666,0.7063333333333334,-5.88044,-0.24986000000000003,0.73778
0.0,-20.5772,-0.3685333333333333,-4.66498,-0.52392,0.72104
0.141,-28.9491,-1.1209333333333333,-3.76014,-0.59914,1.0685600000000002
0.0,-19.563766666666666,2.0423,-3.17138,-0.5870599999999999,0.9329000000000001
0.0,-25.380033333333333,0.6449333333333334,-4.36878,-0.52256,1.25626
0.0,-27.5391,-0.9136333333333333,-2.81378,-0.38016,0.85484
0.0,-6.873733333333334,-1.2668333333333333,-0.6917,-0.51586,0.0
-0.17799,0.9253,-0.5758333333333333,0.6303,0.0,0.85856
-0.24503,3.7453000000000003,-0.5681333333333333,0.0,0.0,-0.22671999999999998
-0.18955,3.6130999999999998,-0.6142,0.35036,0.0,0.0
-0.16643,0.7050000000000001,0.3531666666666667,-5.42892,0.0,0.4906
-0.1803,0.6168666666666667,0.3531666666666667,-5.87862,0.0,0.47016
0.0,-2.2912333333333335,0.0,-4.553,-0.21494,0.9087400000000001
0.0,-4.185933333333334,0.6219,-5.5625599999999995,-0.22568000000000002,0.89388
0.0,-7.710933333333333,0.5758333333333333,-5.44156,0.0,1.16148
0.10864,-21.766900000000003,1.7351666666666665,-3.3321199999999997,-0.21762,0.0
0.0,-16.743766666666666,5.174833333333333,-2.97092,-0.3251,0.0
0.0,-26.217200000000002,1.7275,-3.24002,-0.45136000000000004,0.0
0.0,-29.081266666666664,-0.8061666666666666,-2.2503,-0.44733999999999996,0.0
0.0,-20.533133333333335,-0.37620000000000003,-2.2178,-0.42988,-0.35308
-0.14331,-3.3928,0.0,-1.43218,-0.28344,0.0
-0.17568,1.3218666666666665,0.0,-2.0335799999999997,-0.44062,-0.40326000000000006
-0.18723,1.8946666666666667,0.0,-1.26782,-0.2015,0.0
-0.17568,0.48466666666666663,-0.8599,-2.9781400000000002,-0.26196,0.0
-0.17104999999999998,2.3793666666666664,0.0,-4.8600200000000005,-0.24180000000000001,0.8195399999999999
0.0,-2.1590333333333334,0.7524000000000001,-6.16578,-0.33584,0.57238
0.0,-4.185933333333334,0.9981,-6.25066,-0.2606,0.5352
0.10402,-13.395000000000001,1.2207666666666668,-5.99782,-0.27942,0.8753
0.15256,-20.489066666666666,0.8138333333333333,-5.49214,-0.4957,0.48318000000000005
0.0,-30.270966666666666,2.8561333333333336,-2.6440200000000003,-0.6784,-0.27318
0.0,-38.1141,0.8215,-3.0937200000000002,-0.36269999999999997,0.81024
-0.12944,-31.108166666666666,0.8292,-1.89632,-0.37346,0.0
0.0,-14.937199999999999,3.1479,-1.13598,-0.7496,0.3345
0.16181,6.256866666666667,9.182666666666666,-2.58262,-1.1888999999999998,2.07952
-0.26121,7.0940666666666665,4.5299000000000005,0.0,-0.28614,0.56866
-0.40453,6.697500000000001,0.0,0.80368,-0.2512,-0.48132
-0.23347,6.785633333333333,0.0,-0.56166,-0.34658,0.74334
-0.15025,0.0,0.0,-4.29654,-0.47958,0.0
-0.10633,0.0,0.5835,-5.47408,-0.446,0.84184
0.0,-1.1015333333333335,0.6065333333333334,-5.88766,-0.65556,0.5612199999999999
0.11326,-15.51,0.0,-4.80042,-0.46884,1.719
0.22422,-28.8169,-0.4606666666666666,-3.91186,-0.42988,2.12784
0.21960000000000002,-45.076,-1.2284333333333333,-2.61694,-0.56288,0.7972400000000001
-0.14562999999999998,-35.117866666666664,0.9981,-1.87466,0.0,0.22671999999999998
-0.36523,-11.0597,7.439800000000001,-1.6741800000000002,0.20417999999999997,0.0
0.0,-4.3181,3.5778666666666665,-4.09246,-1.01426,1.40866
0.0,-3.657166666666667,0.9289999999999999,-0.94094,-1.16068,0.0
0.1202,10.839366666666665,6.196000000000001,-0.21309999999999998,-1.0626200000000001,1.7803200000000001
0.10171,1.6303,-1.7428666666666668,1.21726,-1.03574,0.7545
0.57558,3.3487333333333336,-1.0441666666666667,0.9246800000000001,-1.23726,1.69484
0.319,-2.0268666666666664,-0.7524000000000001,-1.53872,-0.8221399999999999,1.3157400000000001
0.48773999999999995,-2.3352999999999997,0.3685333333333333,-2.4598,-0.9591799999999999,2.24492
0.31206,-3.7893666666666665,0.6142,-2.83184,-0.7308,1.45326
0.32593,-8.9447,0.0,-2.6079,-0.98872,1.8546600000000002
0.41146000000000005,-25.512200000000004,-0.5374333333333333,-3.33934,-1.02902,1.98476
0.37216,-33.09096666666667,-0.691,-3.64456,-1.1687400000000001,1.1076000000000001
0.30282,-32.8266,-0.6372333333333333,-2.80656,-0.98604,1.31202
0.0,-12.469700000000001,4.3533333333333335,-1.85118,-0.57094,0.94406
0.0,9.385299999999999,12.868033333333335,-6.24524,-1.19964,2.1427199999999997
0.25196,0.0,3.4627,0.85064,-1.1244,1.3454599999999999
0.10402,5.595933333333334,0.7447333333333334,1.8764600000000002,-0.70662,0.37351999999999996
0.3005,6.2128000000000005,0.44530000000000003,1.6326399999999999,-0.7388600000000001,1.4272399999999998
0.141,5.948433333333334,0.4913666666666667,1.4357799999999998,-0.5266,0.433
0.36523,4.626566666666666,0.0,1.09626,-0.76438,1.07786
0.29357,-2.952166666666667,0.36083333333333334,-2.3081,-0.70528,0.98866
0.12482,-4.053733333333333,0.6219,-3.55246,-0.53062,0.27132
0.18492,-6.697500000000001,0.6602666666666667,-4.74624,-0.56288,1.07228
0.13638,-9.561566666666666,1.1746999999999999,-6.4908600000000005,-0.58034,0.63556
0.21960000000000002,-21.017833333333332,0.5758333333333333,-5.46866,-0.26464,1.3436
0.11095,-16.655633333333334,3.2246666666666663,-4.62704,-0.36941999999999997,1.07972
0.0,-6.829666666666667,6.211366666666667,-5.43976,-0.44867999999999997,1.07972
0.0,-6.168733333333333,5.4282,-4.851,-0.5145,0.76564
0.0,-9.209066666666667,1.8196333333333332,-3.4043599999999996,-0.63408,0.9868
0.0,-0.5728,3.7621333333333333,-2.8192,-0.47824,1.0964399999999999
0.0,2.3793666666666664,1.4203999999999999,-1.6850200000000002,-0.50108,0.6207
0.0,-2.599666666666667,-0.476,-2.20154,-0.41509999999999997,0.94034
0.0,-3.8334333333333332,-0.6679666666666666,-2.81198,-0.37748,0.8158200000000001
0.0,-3.657166666666667,0.5681333333333333,-4.7805599999999995,-0.40972,0.51104
0.0,-7.2703,0.8522333333333334,-6.13688,-0.35062000000000004,0.62812
0.0,-8.636233333333333,1.9194333333333333,-5.1526000000000005,-0.26732,1.3881999999999999
0.0,-13.923766666666666,2.3954666666666666,-6.00866,-0.20015999999999998,0.8288399999999999
0.22191,-20.180633333333333,0.8983,-5.65468,0.0,1.3807800000000001
0.16874,-16.215,0.7601,-4.1014800000000005,0.0,1.73202
0.15025,-11.985,1.3205666666666667,-2.99078,0.0,1.5852
0.0,-7.2703,0.0,-2.25392,-0.24584,1.69298
0.0,-3.3487333333333336,1.0518333333333334,-2.0769200000000003,-0.27671999999999997,1.64652
0.0,-3.2606,0.0,-3.01606,-0.30628,1.13546
0.0,-3.3046666666666664,0.9520333333333334,-6.440300000000001,-0.31838,0.66716
0.0,-3.8334333333333332,0.5988666666666667,-5.64926,-0.41912000000000005,0.72104
0.0,-5.640000000000001,0.8138333333333333,-6.37168,-0.33316,0.9217599999999999
0.17799,-21.855033333333335,-0.7293666666666666,-5.1688600000000005,-0.3842,0.6913199999999999
0.2011,-22.8244,0.0,-4.538539999999999,-0.49168,0.63556
0.22422,-25.247833333333332,0.0,-5.4108600000000004,-0.68914,0.4553
0.25427,-24.5869,0.0,-5.38378,-0.7496,0.40884
0.19879,-21.061899999999998,0.0,-4.7643,-0.62466,0.5222
0.17568,-12.734066666666665,0.0,-2.88602,-0.6045200000000001,0.75636
0.18492,-9.076866666666666,0.0,-3.4278399999999998,-0.74558,0.78608
0.10864,-3.9215666666666666,0.9289999999999999,-3.13346,-0.70528,0.26574
0.17104999999999998,-5.772166666666667,0.0,-3.6626199999999995,-0.50108,0.88086
0.0,-3.1284333333333336,0.6756333333333333,-5.57522,-0.50376,0.62256
0.0,-4.009666666666667,0.6526,-6.4962800000000005,-0.5870599999999999,0.8121
0.0,-4.714666666666667,0.7293666666666666,-7.18078,-0.49837999999999993,0.53892
0.0,-10.839366666666665,0.7140333333333334,-7.54378,-0.5118199999999999,0.8399800000000001
0.15718000000000001,-18.6825,0.36083333333333334,-6.620900000000001,-0.41376,0.7229
0.20342,-21.81096666666667,2.7409666666666666,-6.06284,-0.74422,-0.33636
0.23115999999999998,-22.1194,2.6565,-5.79194,-0.72004,0.0
0.24965,-23.837833333333332,1.0211333333333334,-5.2104,-0.81274,0.0
0.24733999999999998,-19.695966666666667,1.2514666666666667,-4.56384,-0.7240800000000001,0.25274
0.22884000000000002,-10.486866666666666,0.9750666666666666,-4.14484,-0.82886,0.0
0.141,-1.9828000000000001,2.149766666666667,-3.7077800000000005,-0.8114000000000001,0.0
0.21960000000000002,-5.8603,0.36083333333333334,-4.206239999999999,-0.59108,1.0090999999999999
0.16181,-4.3181,0.0,-4.3759999999999994,-0.64348,0.51848
0.0,-4.0978,1.0978999999999999,-7.1898,-0.56288,1.01468
0.0,-5.331566666666666,1.6277,-8.6852,-0.64616,0.52034
0.0,-7.4025,1.9194333333333333,-9.40762,-0.64482,0.33822
0.15718000000000001,-18.726566666666667,1.0748666666666666,-7.68286,-0.61392,0.42556000000000005
0.24270999999999998,-22.29563333333333,2.3493999999999997,-5.49936,-0.93096,-0.36238000000000004
0.16181,-19.211266666666667,5.865866666666666,-6.402379999999999,-1.10694,-1.19122
0.25196,-26.437533333333334,2.410833333333333,-5.73594,-1.0505200000000001,-0.93848
0.36523,-27.406899999999997,1.0518333333333334,-4.80222,-1.05992,-0.70432
0.29125999999999996,-23.044700000000002,1.0288,-4.825699999999999,-0.85574,-0.85114
0.22652999999999998,2.2031,4.192066666666666,-2.31712,-0.90678,0.0
0.0,16.919999999999998,10.795033333333334,-2.38396,-0.76438,0.0
0.14562999999999998,-1.9387333333333334,0.0,-5.251939999999999,-0.96858,0.0
0.0,-2.423433333333333,1.1516666666666666,-7.58532,-0.8087199999999999,0.63184
0.10864,-4.362166666666666,1.1900333333333333,-8.25356,-0.79394,0.79166
0.10633,-12.029066666666667,1.7198333333333335,-8.58768,-0.67168,0.0
0.29125999999999996,-22.736266666666666,0.8983,-6.57756,-0.85976,0.32334
0.25427,-25.115633333333335,2.1728,-4.90698,-1.13918,-0.5575
0.141,-25.732533333333333,1.9808666666666666,-6.2759599999999995,-1.13918,-0.73034
0.28432,-22.4719,0.5758333333333333,-4.80404,-1.35412,0.0
0.10633,-7.182166666666667,4.268866666666667,-4.84196,-1.02634,0.0
0.0,-5.8603,3.1325333333333334,-4.4265799999999995,-0.9538,-0.27874
0.22884000000000002,-9.341233333333333,0.0,-3.18402,-1.0626200000000001,0.8195399999999999
0.15487,-5.551866666666666,0.6142,-2.8445,-0.89604,0.59096
0.2011,-2.8640666666666665,0.0,-2.2503,-0.68914,0.71732
0.22422,-3.9656000000000002,-0.3455,-2.4724399999999997,-0.66094,1.47556
0.19417,-4.4502999999999995,0.7831333333333333,-4.6451,-0.62466,1.4904199999999999
0.17104999999999998,-4.846866666666666,0.7063333333333334,-4.7914,-0.62466,1.10202
0.19186,-6.609366666666666,0.7293666666666666,-4.9159999999999995,-0.70662,1.6614
0.25196,-20.973766666666666,0.0,-4.44824,-0.8261799999999999,1.6911200000000002
0.24965,-23.5294,0.0,-3.82698,-0.83826,2.17244
0.21728999999999998,-28.993166666666667,-0.8061666666666666,-5.54812,-1.10426,2.04608
0.20573000000000002,-30.579400000000003,-0.6833,-6.73648,-1.0800800000000002,1.53688
0.22652999999999998,-28.2441,0.0,-6.31388,-0.9148400000000001,1.5944800000000001
0.26583,-19.3875,0.0,-3.28878,-0.87992,1.10202
0.1202,-4.626566666666666,3.163266666666667,-2.04804,-0.77378,0.58724
0.0,6.477166666666666,5.1902,-1.5297,-0.8369199999999999,0.63742
0.0,9.87,4.491533333333334,-1.10528,-0.74288,1.08158
0.0,10.178433333333333,4.6758,-0.24922,-0.67438,0.49618
0.15718000000000001,-2.731866666666667,0.0,-4.442819999999999,-0.759,0.96078
0.12713000000000002,-4.935,0.7447333333333334,-6.2019,-0.70662,1.14476
0.0,-6.300933333333333,0.8368666666666668,-7.0019800000000005,-0.7496,0.4107
0.19648000000000002,-10.7072,0.7831333333333333,-6.508920000000001,-0.74154,1.31202
0.26814,-26.9222,0.0,-5.75942,-0.97126,1.1131600000000001
0.0,-14.716866666666666,3.3859,-5.74136,-0.87992,0.30104000000000003
-0.17799,13.218766666666667,12.967866666666666,-8.94708,-0.83558,1.0295400000000001
0.0,-2.952166666666667,2.410833333333333,-4.12136,-1.1056,0.8641400000000001
-0.1595,16.787833333333335,6.341866666666667,-1.10528,-0.8638,0.22486
0.0,9.825933333333333,1.5893,0.7838,-0.7684,0.31592
0.0,10.486866666666666,1.5969666666666666,0.84702,-0.82886,0.65786
0.0,-3.3046666666666664,-1.7044666666666668,-2.36228,-0.74558,1.1168799999999999
0.12944,-4.670599999999999,0.0,-5.10384,-0.7388600000000001,1.39378
0.18723,-12.513766666666667,0.38386666666666663,-5.73956,-0.8261799999999999,1.20794
0.18261,-17.22843333333333,0.4146,-5.67816,-0.87856,0.89946
0.25427,-22.075333333333333,0.0,-5.43614,-1.09352,1.32688
0.21728999999999998,-23.088766666666668,0.0,-5.10022,-1.18218,0.9997999999999999
0.0,-2.8640666666666665,4.437766666666667,-4.589119999999999,-1.01156,1.1131600000000001
0.15487,-9.781866666666668,1.2591333333333334,-3.14068,-1.05858,0.61326
0.0,-2.5115333333333334,1.4818,-1.73558,-0.9511200000000001,0.0
0.1202,-0.39653333333333335,0.0,-0.41176,-0.9941000000000001,0.0
0.10633,3.701233333333333,0.0,0.43524,-0.87856,0.48688000000000003
0.15718000000000001,3.9656000000000002,-1.9501666666666668,0.74226,-0.9202199999999999,0.0
0.16412,-1.7184333333333335,-1.5816333333333334,-1.74642,-0.85842,0.72848
0.16643,-3.2165666666666666,0.0,-3.4476999999999998,-0.7482599999999999,1.1076000000000001
0.15256,-4.141866666666666,0.0,-3.7131999999999996,-0.77512,0.9106
0.2011,-6.653433333333333,0.0,-4.21888,-0.82752,1.6204999999999998
0.22884000000000002,-17.404700000000002,0.0,-4.580080000000001,-0.8946799999999999,1.5629
0.26121,-19.960333333333335,1.3282333333333334,-2.61694,-0.92828,1.7450199999999998
0.26352000000000003,-21.855033333333335,2.6718666666666664,-3.2761400000000003,-0.9094599999999999,1.52202
0.24503,-19.475633333333334,2.1881666666666666,-2.50134,-1.01962,0.86972
0.12944,-8.6803,4.161366666666667,-2.46522,-0.9121600000000001,0.50734
0.0,13.042499999999999,5.957999999999999,-1.18114,-0.7684,0.67458
-0.13638,21.194066666666668,7.0559,0.0,-0.80602,0.48502
0.0,17.9775,5.059666666666667,0.0,-0.759,0.54636
0.13869,-3.1284333333333336,-1.6660666666666666,-2.35506,-0.8154199999999999,1.00166
0.0,-4.494366666666667,0.0,-5.54812,-0.86782,0.47759999999999997
0.18955,-9.693733333333332,0.0,-5.10022,-0.9000600000000001,1.36034
0.2011,-17.404700000000002,0.0,-5.18692,-0.91618,1.0221
0.30282,-26.173133333333336,0.0,-4.36156,-1.2695,1.1336
0.19417,-30.403166666666667,-0.5144,-4.14844,-1.158,0.31964000000000004
-0.10171,9.253133333333333,8.714333333333334,-5.4162799999999995,-1.48712,1.12804
-0.12482,5.948433333333334,3.7467666666666664,-4.0725999999999996,-1.17546,0.0
0.0,11.0597,3.9694333333333334,-1.57846,-1.38234,0.75078
-0.12482,14.849066666666666,4.030833333333333,-0.61946,-0.9645400000000001,0.0
0.14562999999999998,8.459999999999999,-1.0441666666666667,-1.35632,-1.23994,0.25644
0.10171,-0.8371666666666666,-1.1823666666666666,-4.847379999999999,-1.01426,0.6783
0.20342,-3.525,0.0,-5.19956,-0.9135,0.97564
0.16643,-5.199366666666667,0.5451,-5.0045,-0.76572,1.0053800000000002
0.16643,-12.866266666666666,0.5067333333333334,-6.387919999999999,-0.9323,1.28414
0.18261,-16.479400000000002,0.5988666666666667,-7.6358999999999995,-1.01828,1.33246
0.18261,-17.22843333333333,0.7063333333333334,-7.69008,-1.03038,1.18378
0.1595,-10.4428,2.7179333333333333,-7.42098,-1.0048400000000002,1.53316
0.16412,-9.076866666666666,1.9654999999999998,-4.63968,-0.9108,1.40866
0.16412,-8.856566666666668,1.3205666666666667,-5.335,-0.9699199999999999,1.3083
0.0,-5.419666666666667,1.1977333333333333,-5.5011600000000005,-0.90274,0.6783
0.11557999999999999,0.35250000000000004,1.7659,-4.69026,-0.86514,1.1410399999999998
0.0,5.243433333333333,3.3935999999999997,-3.03412,-0.669,0.75636
0.14562999999999998,0.8812333333333333,1.1823666666666666,-3.0377400000000003,-0.6958599999999999,1.1540599999999999
0.141,-2.599666666666667,0.9520333333333334,-5.97254,-0.83826,1.0499800000000001
0.0,-3.3487333333333336,0.5528000000000001,-6.9676599999999995,-0.98336,0.48502
0.11557999999999999,-6.697500000000001,0.44530000000000003,-6.96404,-1.03978,1.24698
0.11789000000000001,-10.4428,0.5220666666666667,-6.65342,-0.8973800000000001,1.07414
0.15718000000000001,-7.9753,2.3493999999999997,-5.73234,-0.83558,1.5944800000000001
0.27044999999999997,-21.017833333333332,0.0,-4.867240000000001,-0.9484199999999999,0.89574
0.3005,-20.665333333333333,0.8522333333333334,-4.89794,-0.8664799999999999,1.47742
0.24503,-16.875933333333332,0.9827333333333333,-4.32364,-0.8221399999999999,1.05928
0.24733999999999998,-13.218766666666667,0.4146,-3.5957999999999997,-0.9228999999999999,1.076
0.15025,-5.684066666666666,0.6679666666666666,-4.184559999999999,-0.99544,1.08158
0.12251000000000001,1.9828000000000001,2.1805,-3.29962,-0.79796,0.73778
0.17337,-4.053733333333333,0.0,-4.49882,-0.81946,0.90316
0.13869,-2.952166666666667,0.3455,-5.4162799999999995,-0.8436400000000001,1.04254
0.10171,-4.053733333333333,0.8215,-6.6173,-0.8436400000000001,0.9812200000000001
0.141,-5.1552999999999995,0.5297666666666666,-6.09896,-0.9269399999999999,1.36404
0.16412,-10.971566666666668,0.0,-5.58966,-0.9323,1.52944
0.21728999999999998,-16.391266666666667,-0.37620000000000003,-4.867240000000001,-0.8826,1.90112
0.29819,-23.793766666666667,0.0,-5.04244,-0.9941000000000001,1.75246
0.32362,-29.389733333333336,0.0,-5.651059999999999,-1.0988799999999999,1.07414
0.30513,-28.2441,0.37620000000000003,-5.56438,-1.1271,0.8976000000000001
0.21728999999999998,-12.778133333333335,0.6295666666666667,-2.8715800000000002,-0.93096,1.62608
0.0,0.48466666666666663,2.0192666666666668,-2.60248,-0.8946799999999999,1.64094
0.13176000000000002,1.7184333333333335,0.3685333333333333,-1.5947200000000001,-1.05992,0.48874000000000006
0.12713000000000002,6.653433333333333,2.7870333333333335,-0.8325799999999999,-0.75498,1.00166
0.20342,-3.7893666666666665,0.0,-3.83962,-0.86782,0.6968799999999999
0.16181,-7.0940666666666665,0.5297666666666666,-5.605919999999999,-0.7482599999999999,1.06298
0.17568,-10.4428,0.0,-5.55896,-0.7630399999999999,1.05556
0.27044999999999997,-21.326266666666665,0.0,-5.79374,-0.99678,0.8288399999999999
0.30282,-26.7019,0.0,-5.48672,-1.19158,0.74892
0.20573000000000002,-18.065633333333334,2.4799333333333333,-6.30484,-1.18218,1.076
0.11326,-8.988733333333334,5.612466666666666,-6.73108,-1.03574,1.0983
0.13407,-11.588433333333334,3.8465666666666665,-6.785259999999999,-1.01694,0.92918
0.0,-7.2703,3.5164333333333335,-6.16758,-0.9269399999999999,0.73034
0.0,3.2606,6.810233333333334,-6.1116,-0.98336,0.5593600000000001
0.0,4.274066666666667,4.798633333333333,-3.9280999999999997,-0.7684,0.67086
0.16643,-8.768433333333332,0.0,-4.9702,-0.72542,0.62998
0.14562999999999998,-5.2875000000000005,0.5144,-5.6908,-0.70796,0.9812200000000001
0.11326,-7.314366666666667,1.1977333333333333,-7.7099400000000005,-0.79796,0.80654
0.15487,-9.473433333333334,0.7677666666666667,-7.19702,-0.9135,1.03884
0.14794000000000002,-17.22843333333333,0.7677666666666667,-7.59436,-0.8114000000000001,0.82698
0.21034999999999998,-16.523433333333333,1.0825666666666667,-6.3193,-1.00216,1.41794
0.0,-8.8125,5.1287666666666665,-6.84486,-0.8691599999999999,1.22466
0.17568,-18.2419,1.0672,-5.73234,-1.01828,1.19122
0.0,-4.758733333333333,2.0115666666666665,-4.4031,-0.9699199999999999,0.36424
0.0,0.5728,1.8273000000000001,-4.2983400000000005,-1.0626200000000001,0.9124599999999999
0.0,-3.1284333333333336,0.9981,-5.271800000000001,-0.96186,-0.3568
0.10402,-3.701233333333333,-0.4837,-5.95268,-0.99544,0.40140000000000003
0.0,-4.0978,0.7831333333333333,-8.19034,-0.97394,0.37166
0.0,-6.080633333333334,0.691,-8.06934,-0.96186,0.97564
0.13176000000000002,-12.998433333333333,0.7140333333333334,-8.026,-0.82886,1.11874
0.24733999999999998,-22.339699999999997,0.0,-7.1085400000000005,-0.8906599999999999,1.33988
0.22884000000000002,-22.736266666666666,1.0134666666666667,-6.581180000000001,-0.90678,1.10574
0.2404,-24.19033333333333,1.3359333333333332,-7.5474000000000006,-1.02902,1.1782
0.23809,-24.366600000000002,1.7659,-8.275220000000001,-1.05992,0.76194
0.18492,-19.607833333333335,1.6967999999999999,-7.14466,-0.9591799999999999,0.7136199999999999
0.15718000000000001,-16.170933333333334,1.6507333333333334,-7.43362,-1.00082,0.7545
0.10633,-11.8528,1.5739333333333334,-8.16506,-0.99678,0.56494
0.0,-4.2299999999999995,1.8042666666666667,-7.0363,-1.14052,0.0
0.0,-3.1725,0.0,-7.48418,-1.00216,0.55564
0.0,-2.3793666666666664,0.9674,-9.18186,-0.99276,0.31778
0.0,-3.5690666666666666,0.9443666666666667,-9.50334,-0.9121600000000001,0.0
0.0,-5.640000000000001,0.7447333333333334,-9.26494,-0.99006,0.6653
0.25889,-20.400966666666665,0.9059666666666667,-7.97724,-0.81006,1.20236
0.39759,-33.619733333333336,0.3455,-5.9003,-0.7214,2.0479399999999996
0.1595,-30.315033333333332,1.7812333333333334,-5.55354,-0.66362,0.48874000000000006
0.30513,-30.579400000000003,1.4050333333333331,-4.9413,-1.0706799999999999,1.28042
0.28432,-25.2919,2.0345999999999997,-5.8732,-1.12576,1.3417400000000002
0.0,-3.2165666666666666,2.7333,-5.4524,-0.8073600000000001,0.5761000000000001
-0.16181,22.075333333333333,12.553233333333333,-3.16054,-0.9538,0.57794
-0.16412,20.973766666666666,7.570333333333333,-5.0641,-0.8423,0.59468
0.0,-3.3928,0.0,-6.09354,-0.61796,0.80654
0.0,-6.124666666666666,1.7659,-9.7363,-0.8463200000000001,0.39768
0.12482,-10.971566666666668,1.7121333333333333,-10.072239999999999,-0.85842,1.16148
0.0,-15.906566666666668,2.5029666666666666,-12.37132,-0.6676599999999999,1.07228
0.15487,-21.458466666666666,2.5566999999999998,-13.122620000000001,-1.0558999999999998,0.95706
0.1202,-21.150000000000002,2.5490333333333335,-13.613859999999999,-1.24934,1.0499800000000001
0.0,-9.253133333333333,4.107633333333333,-12.194320000000001,-1.3407,1.04068
0.0,-6.433133333333333,2.7409666666666666,-10.6917,-1.3192,1.19122
0.0,-3.9656000000000002,2.6104333333333334,-11.88006,-1.2292,0.68202
0.0,0.39653333333333335,2.7256,-11.06014,-1.0962,0.97936
-0.13176000000000002,3.9215666666666666,2.5797333333333334,-10.695319999999999,-1.0223200000000001,0.6466999999999999
0.0,5.640000000000001,2.917566666666667,-7.480580000000001,-0.56288,1.10016
0.0,0.0,0.9674,-6.57756,-0.53198,1.14848
0.0,-5.5078,0.9981,-7.97724,-0.5387,1.11502
0.10633,-6.697500000000001,1.9271333333333331,-9.28118,-0.55616,1.43652
0.0,-7.182166666666667,1.9732,-9.261320000000001,-0.5387,1.11874
0.0,-6.697500000000001,2.2342333333333335,-9.821200000000001,-0.6031799999999999,1.3454599999999999
0.10171,-6.256866666666667,2.1805,-9.75618,-0.6582600000000001,1.56104
0.0,-2.2031,3.3398333333333334,-9.74714,-0.66496,1.48484
0.0,-1.1015333333333335,3.7774666666666668,-9.59544,-0.70258,1.58148
0.0,-4.979066666666667,3.5164333333333335,-10.749500000000001,-0.9014,1.17636
0.0,-4.4502999999999995,3.3245,-10.16434,-0.72946,0.9663600000000001
0.0,-3.480933333333333,2.8868666666666667,-9.03738,-0.7912399999999999,1.3436
0.0,-1.9828000000000001,2.9636333333333336,-7.97542,-0.66632,1.09272
0.0,2.070933333333333,4.0155,-7.05436,-0.64348,1.4272399999999998
0.0,0.8812333333333333,3.6085666666666665,-6.65342,-0.51316,1.21352
0.11557999999999999,-4.3181,1.2438,-5.2700000000000005,-0.53062,1.48112
0.11557999999999999,-4.2299999999999995,1.2361,-5.23568,-0.54272,1.41794
0.11789000000000001,-3.9215666666666666,1.0748666666666666,-4.63246,-0.5346599999999999,1.50342
0.10171,-3.5690666666666666,1.2975333333333332,-5.00992,-0.53062,1.3231600000000001
0.0,-3.701233333333333,1.5355666666666667,-5.29888,-0.49837999999999993,1.3436
0.0,-3.1284333333333336,1.6737666666666666,-5.51562,-0.5387,1.25626
0.0,-3.1725,1.6967999999999999,-5.63842,-0.6045200000000001,1.01652
0.0,-2.996233333333333,1.7735666666666667,-5.754,-0.5884,1.01468
0.0,-2.643733333333333,1.8887333333333334,-5.8732,-0.55482,1.01468
0.10402,-3.0403000000000002,1.7889333333333333,-5.8713999999999995,-0.56556,0.94406
0.0,-2.2912333333333335,2.0499666666666667,-5.9581,-0.5776399999999999,0.9087400000000001
0.0,-3.0843666666666665,1.8963999999999999,-6.0827,-0.58436,0.8882999999999999
0.0,-2.643733333333333,1.9424666666666666,-5.959899999999999,-0.579,0.9124599999999999
0.10402,-2.952166666666667,1.8196333333333332,-5.9057200000000005,-0.58974,0.93104
0.0,-2.423433333333333,1.9885333333333335,-5.96892,-0.57094,0.8789999999999999
0.10633,-2.996233333333333,1.8196333333333332,-5.92378,-0.5870599999999999,0.9106
0.0,-2.775933333333333,1.9424666666666666,-6.0068600000000005,-0.58034,0.8734400000000001
0.0,-2.0268666666666664,2.1267333333333336,-5.9581,-0.56018,0.8399800000000001
0.0,-1.9828000000000001,2.1037,-5.95268,-0.5669,0.85856
0.0,-3.0843666666666665,1.8503333333333334,-5.97434,-0.58436,0.88458
0.10171,-2.599666666666667,1.9271333333333331,-5.88766,-0.5763,0.86972
0.0,-2.952166666666667,1.8580333333333332,-5.97796,-0.58034,0.8567
0.0,-2.070933333333333,2.0806666666666667,-5.934620000000001,-0.57228,0.8753
0.10402,-2.952166666666667,1.8887333333333334,-6.01408,-0.58436,0.9013
0.0,-1.8065333333333333,2.149766666666667,-5.92378,-0.55884,0.84742
0.0,-1.8946666666666667,2.1344333333333334,-5.96532,-0.55212,0.7898
0.10864,-2.8640666666666665,1.8657000000000001,-5.931,-0.58168,0.94406
0.0,-1.5421666666666667,2.2188666666666665,-5.88766,-0.54406,0.77308
0.10171,-2.599666666666667,1.9271333333333331,-5.842499999999999,-0.5763,0.87158
0.0,-1.7625,2.1651333333333334,-5.9111400000000005,-0.55482,0.80282
0.11095,-2.996233333333333,1.8503333333333334,-5.91836,-0.5857,0.92918
0.0,-1.5421666666666667,2.226566666666667,-5.884040000000001,-0.54272,0.75078
0.11095,-2.599666666666667,1.9348,-5.8659799999999995,-0.5884,0.94776
0.10864,-2.2471666666666668,2.0345999999999997,-5.88044,-0.60048,0.9849399999999999
0.0,-1.1015333333333335,2.2649333333333335,-5.7829,-0.52122,0.6559999999999999
0.10864,-1.6743666666666668,2.1037,-5.7793,-0.60182,1.00724
0.0,-1.1896666666666667,2.1881666666666666,-5.71066,-0.52122,0.67272
0.1202,-2.070933333333333,2.0192666666666668,-5.81722,-0.6166,1.08344
0.12482,-2.3352999999999997,1.8733666666666666,-5.7305399999999995,-0.6193,1.08158
0.0,-1.1015333333333335,2.1421,-5.69982,-0.5400400000000001,0.75264
0.0,-3.0403000000000002,1.7812333333333334,-5.82444,-0.56288,0.8214
0.0,-0.9253,2.1728,-5.6312,-0.58034,0.9459199999999999
0.12482,-0.48466666666666663,2.226566666666667,-5.53728,-0.6300399999999999,1.18564
0.0,-3.1725,1.7966,-5.95448,-0.47958,0.44042000000000003
0.12251000000000001,0.0,2.226566666666667,-5.43072,-0.63408,1.19308
0.0,-3.3487333333333336,1.8580333333333332,-6.0845199999999995,-0.48898,0.40698
0.11557999999999999,-0.48466666666666663,2.1574666666666666,-5.52284,-0.61392,1.07414
0.10864,-1.1456,2.0269333333333335,-5.58244,-0.6031799999999999,0.9812200000000001
0.0,-1.9387333333333334,2.096033333333333,-5.88224,-0.50914,0.61884
0.0,-0.7931,2.1421,-5.651059999999999,-0.5776399999999999,0.8920199999999999
0.0,0.0,2.2572666666666668,-5.49936,-0.5494399999999999,0.77494
0.0,-3.436866666666667,1.7428666666666668,-6.0465800000000005,-0.5575,0.69316
0.0,-3.0403000000000002,1.9117666666666666,-6.1134,-0.5387,0.70804
0.0,-0.7490333333333333,2.1114,-5.5445,-0.54272,0.75636
0.0,-2.9080999999999997,1.8733666666666666,-6.0213,-0.53198,0.57424
0.0,0.48466666666666663,2.3801,-5.34224,-0.57228,0.90316
0.0,-3.1284333333333336,1.7735666666666667,-5.84612,-0.5252600000000001,0.64856
0.0,-3.0403000000000002,1.835,-5.99602,-0.5252600000000001,0.6244
0.0,-0.5287333333333334,2.0423,-5.38016,-0.5776399999999999,0.86786
0.0,-1.3659333333333334,2.0345999999999997,-5.57522,-0.54138,0.78052
0.0,0.0,2.0576333333333334,-5.3007,-0.5870599999999999,0.90316
0.0,-1.3218666666666665,1.9194333333333333,-5.50838,-0.56018,0.8325400000000001
0.0,0.0,2.149766666666667,-5.40726,-0.56018,0.8158200000000001
0.0,-2.731866666666667,1.8580333333333332,-5.893079999999999,-0.536,0.67086
0.0,0.0,2.1574666666666666,-5.32418,-0.5642199999999999,0.86786
0.0,-2.2031,1.8426666666666665,-5.68718,-0.54272,0.74334
0.0,-3.0403000000000002,1.7428666666666668,-5.8696,-0.5387,0.65414
0.0,0.0,2.149766666666667,-5.20678,-0.57094,0.9514799999999999
0.0,-3.2606,1.7351666666666665,-5.94726,-0.5400400000000001,0.61512
0.0,0.8371666666666666,2.2956666666666665,-5.029780000000001,-0.56018,0.95706
0.0,-2.6877999999999997,1.9348,-5.938219999999999,-0.5266,0.68202
0.0,-1.9828000000000001,1.9885333333333335,-5.74136,-0.5252600000000001,0.77308
0.0,-1.1896666666666667,1.9578333333333333,-5.53728,-0.53198,0.8399800000000001
0.0,-1.9387333333333334,1.9194333333333333,-5.68538,-0.54138,0.7545
0.0,0.6168666666666667,2.3801,-5.34224,-0.57094,0.8771599999999999
0.0,-0.5287333333333334,2.226566666666667,-5.6637,-0.53332,0.866
0.0,-0.6609333333333333,1.7812333333333334,-5.52826,-0.59512,0.86972
0.0,-3.701233333333333,1.3742999999999999,-6.4222399999999995,-0.46614000000000005,0.82698
0.0,0.44060000000000005,1.9732,-5.87502,-0.5078,1.22466
0.0,-2.8640666666666665,1.6891,-6.7979,-0.46346,0.72104
0.10402,0.0,1.9885333333333335,-6.18926,-0.48091999999999996,1.32874
0.10171,-0.44060000000000005,1.9654999999999998,-6.0538,-0.48764,1.1986599999999998
0.0,-1.7625,1.8733666666666666,-6.171200000000001,-0.5145,0.8325400000000001
0.0,-2.952166666666667,1.6967999999999999,-6.43488,-0.45136000000000004,0.9366199999999999
0.0,0.48466666666666663,2.2726333333333333,-5.8118,-0.51988,1.03512
0.0,-2.8640666666666665,1.8657000000000001,-6.387919999999999,-0.4366,0.8455600000000001
0.0,-3.436866666666667,1.8273000000000001,-6.29402,-0.45271999999999996,0.72848
0.0,0.0,2.1344333333333334,-5.62036,-0.5266,0.8753
0.0,-2.0268666666666664,2.1190666666666664,-6.06464,-0.48362,0.77494
0.0,-1.1015333333333335,2.1574666666666666,-5.8696,-0.49032,0.83812
0.0,-1.0134333333333332,2.1651333333333334,-5.76666,-0.49704,0.86786
0.0,1.1015333333333335,2.4031333333333333,-5.31514,-0.5145,1.10016
0.0,-3.2165666666666666,1.7812333333333334,-6.171200000000001,-0.49302,0.66716
0.0,0.9253,2.3033333333333332,-5.14538,-0.5387,1.0295400000000001
0.0,-2.8200000000000003,1.8733666666666666,-6.0213,-0.5078,0.63556
0.0,0.8812333333333333,2.2419,-5.125500000000001,-0.5507799999999999,0.9533400000000001
0.0,1.6303,2.5260000000000002,-5.31334,-0.56152,0.9068799999999999
0.0,-1.6303,2.0653333333333332,-5.83708,-0.536,0.68016
0.0,0.0,1.9424666666666666,-5.16162,-0.55884,0.9087400000000001
0.0,-2.996233333333333,1.7582000000000002,-5.9508600000000005,-0.5145,0.60026
0.0,0.0,2.0499666666666667,-5.28624,-0.56152,0.86972
0.0,-2.6877999999999997,1.8273000000000001,-5.88766,-0.51854,0.5798
0.0,0.6168666666666667,2.2726333333333333,-5.22304,-0.5481,0.8753
0.0,-3.3046666666666664,1.6814333333333333,-5.96892,-0.53198,0.5612199999999999
0.0,0.7050000000000001,2.096033333333333,-5.01896,-0.55616,0.96264
0.0,-2.6877999999999997,1.8580333333333332,-5.90752,-0.52122,0.6113999999999999
0.0,-2.1590333333333334,1.9194333333333333,-5.80096,-0.52256,0.65972
0.0,-1.1015333333333335,1.9271333333333331,-5.4813,-0.5387,0.75264
0.10402,-0.48466666666666663,1.9424666666666666,-5.53548,-0.4957,0.8901600000000001
0.10633,-2.2471666666666668,1.8963999999999999,-5.8985,-0.49973999999999996,0.7247600000000001
0.14794000000000002,0.0,2.618133333333333,-5.5698,-0.48362,1.10574
0.12251000000000001,0.0,3.8619333333333334,-6.458360000000001,-0.66362,0.89946
0.0,-2.1590333333333334,4.092266666666666,-7.0688,-0.67168,0.47759999999999997
0.16412,-1.3659333333333334,4.545266666666667,-6.90264,-0.5857,0.99422
0.10402,-0.8812333333333333,4.575966666666667,-6.6823,-0.69184,0.73592
0.14331,0.0,5.5741000000000005,-7.55462,-0.55616,1.04812
0.12482,0.0,6.272766666666667,-8.06212,-0.5454,0.95706
0.11557999999999999,0.0,6.311166666666666,-7.98266,-0.47824,0.99794
0.11557999999999999,0.0,6.6950666666666665,-8.68882,-0.49302,0.86972
0.10633,0.0,7.002166666666667,-9.207139999999999,-0.46614000000000005,0.84184
0.0,0.0,6.910033333333334,-9.15476,-0.43122,0.76378
0.0,-0.48466666666666663,6.879333333333334,-9.23784,-0.40704,0.62812
0.0,0.0,6.794866666666667,-9.14032,-0.37882,0.7191799999999999
0.0,0.0,7.078933333333333,-9.89344,-0.3318,0.60026
0.0,0.0,6.971466666666667,-9.69658,-0.2942,0.72104
0.0,0.0,6.434,-9.3137,-0.28344,0.58538
0.0,0.0,5.973333333333334,-8.80078,-0.2512,0.52964
0.0,0.0,5.704633333333334,-8.40706,0.0,0.67272
0.0,0.0,5.305366666666667,-8.027800000000001,0.0,0.6615800000000001
0.0,0.0,4.8600666666666665,-7.478759999999999,0.0,0.70804
0.0,0.0,5.658533333333334,-8.48654,0.0,0.643
0.11557999999999999,0.0,5.842833333333334,-8.51544,0.0,0.71548
0.11326,-0.39653333333333335,6.011733333333333,-8.78634,0.0,0.6653
0.10633,0.0,5.942633333333333,-8.392619999999999,0.0,0.6207
0.0,0.0,5.766033333333334,-7.9230599999999995,0.0,0.48874000000000006
0.12944,-0.35250000000000004,6.288133333333334,-8.46126,0.0,0.62256
0.14331,-0.39653333333333335,6.633633333333333,-8.97596,0.0,0.6466999999999999
0.16181,-0.7490333333333333,6.802533333333333,-9.13128,0.0,0.7136199999999999
0.14794000000000002,-0.39653333333333335,6.794866666666667,-8.99042,0.0,0.6913199999999999
0.13869,-0.9253,7.0943000000000005,-9.682120000000001,0.0,0.5575
0.11789000000000001,-0.7050000000000001,7.102,-9.83564,0.0,0.44042000000000003
0.12251000000000001,-0.8371666666666666,7.102,-9.837439999999999,0.0,0.43113999999999997
0.11326,-0.9253,7.224833333333333,-10.072239999999999,0.0,0.32706
0.13176000000000002,-1.0574999999999999,7.278566666666666,-10.25826,0.22568000000000002,0.45158
0.15025,-1.4540333333333333,7.700866666666666,-10.83076,0.31704,0.48502
0.14562999999999998,-1.4981,7.731566666666667,-11.00414,0.3721,0.50176
0.15487,-1.5862333333333334,7.839066666666667,-11.11792,0.403,0.53334
0.15256,-1.7184333333333335,7.908166666666666,-11.266020000000001,0.43928,0.48132
0.15718000000000001,-1.7184333333333335,7.854399999999999,-11.19378,0.44329999999999997,0.4906
0.12944,-1.4981,7.654800000000001,-11.03304,0.42584,0.3215
0.12944,-1.7625,7.7162,-11.06194,0.45674000000000003,0.2676
0.13869,-1.8946666666666667,7.839066666666667,-11.18294,0.4742,0.3029
0.11326,-1.6743666666666668,7.708533333333333,-10.76936,0.49973999999999996,0.27318
0.13869,-2.1149999999999998,7.8237,-10.72782,0.58168,0.41997999999999996
0.13638,-2.1149999999999998,8.123133333333334,-11.22448,0.5682400000000001,0.30848
0.15487,-2.2471666666666668,8.176866666666667,-11.59652,0.6475,0.41811999999999994
0.13869,-2.2031,8.123133333333334,-11.42314,0.64214,0.36052
0.14562999999999998,-2.2471666666666668,8.1999,-11.5008,0.669,0.37351999999999996
0.13869,-2.1149999999999998,8.1692,-11.5893,0.64078,0.30476000000000003
0.14331,-2.2471666666666668,8.2383,-11.63986,0.65154,0.27874
0.14794000000000002,-2.2031,8.284366666666667,-11.69586,0.6596,0.36424
0.14794000000000002,-2.1590333333333334,8.292033333333334,-11.75004,0.65422,0.30476000000000003
0.1595,-2.2912333333333335,8.3458,-11.86382,0.69856,0.40140000000000003
0.15487,-2.2471666666666668,8.353466666666668,-11.90174,0.69856,0.3791
0.17799,-2.2912333333333335,8.484,-12.03358,0.6878,0.42556000000000005
0.21034999999999998,-2.3793666666666664,8.614533333333332,-12.327960000000001,0.64616,0.5352
0.36061,-1.9387333333333334,8.9984,-12.9077,0.0,1.63166
0.34442,-1.8065333333333333,8.8602,-12.83726,0.0,1.59078
0.30513,-1.1015333333333335,8.491666666666667,-12.24488,0.0,1.51644
0.25658,-1.8065333333333333,8.7911,-12.49954,0.0,0.7823800000000001
0.27738999999999997,-1.9828000000000001,8.883233333333333,-12.7596,0.0,0.8641400000000001
0.32131,-2.070933333333333,9.021433333333333,-13.04134,0.0,1.1206
0.29819,-2.070933333333333,8.983066666666668,-13.07386,0.0,0.98866
0.24965,-1.9828000000000001,8.7911,-12.81378,0.0,0.7191799999999999
0.23578000000000002,-2.1149999999999998,8.714333333333334,-12.59706,0.0,0.643
0.18955,-1.9828000000000001,8.399533333333332,-12.0408,0.0,0.46272
0.15025,-1.7625,8.115466666666666,-11.73198,0.0,0.4107
0.10171,-1.2778,7.4091,-10.8723,0.0,0.33822
0.0,-1.0134333333333332,6.833266666666667,-10.25464,0.0,0.30104000000000003
-0.20342,-0.44060000000000005,5.266966666666667,-8.16868,0.0,-0.69874
-0.37216,0.0,4.906133333333334,-7.43724,0.0,-0.9217599999999999
-0.58483,-0.7050000000000001,4.798633333333333,-6.9622399999999995,-0.223,-1.60936
-0.76745,-0.35250000000000004,4.4992,-6.2651200000000005,-0.38958,-1.78776
-0.92926,-0.6609333333333333,4.545266666666667,-6.1116,-0.59376,-2.10182
-1.19278,0.0,4.1844,-5.65648,-0.94708,-2.51996
-1.21359,0.0,4.307266666666666,-5.62398,-0.95246,-2.53856
-1.21359,0.0,4.2151000000000005,-5.49574,-0.85976,-2.6537800000000002
-1.20896,-0.35250000000000004,4.4454666666666665,-5.73776,-0.7093,-2.4066
-1.2343899999999999,0.0,4.146,-5.0316,-0.77782,-2.31554
-1.15811,0.0,4.307266666666666,-4.888920000000001,-0.65422,-1.9420000000000002
-1.14886,0.0,4.192066666666666,-4.59272,-0.56288,-1.54618
-1.20896,0.0,4.199766666666666,-4.63788,-0.59108,-1.6372399999999998
-1.26213,0.44060000000000005,3.9464,-4.12136,-0.6287,-1.34918
-1.33841,0.0,3.7160666666666664,-3.8070999999999997,-0.61258,-1.35662
-1.3961999999999999,0.44060000000000005,3.7698,-4.05996,-0.66094,-1.42166
-1.3546,0.5287333333333334,3.6776666666666666,-3.8576799999999998,-0.62736,-1.1168799999999999
-1.46324,0.0,3.9387000000000003,-4.33266,-0.7106399999999999,-1.61122
-1.43088,0.5728,3.5241000000000002,-3.7872399999999997,-0.6837799999999999,-1.3845
-1.51872,0.35250000000000004,3.4319666666666664,-3.64276,-0.79662,-1.66696
-1.6111799999999998,0.0,3.3935999999999997,-3.6626199999999995,-0.8664799999999999,-1.8825399999999999
-1.64355,0.5728,3.439666666666667,-3.9443600000000005,-0.90812,-1.6390999999999998
-1.5533899999999998,0.6609333333333333,3.3321666666666663,-3.70958,-0.85036,-1.1299
-1.52334,0.6168666666666667,3.2093333333333334,-3.7475,-0.8476800000000001,-1.3696199999999998
-1.06796,0.7050000000000001,2.8868666666666667,-3.8053,-0.73482,-1.27298
-0.98012,0.44060000000000005,2.7563333333333335,-3.8053,-0.7522800000000001,-1.7784600000000002
-0.7558900000000001,0.7490333333333333,2.311,-3.49828,-0.71602,-1.8082
-0.5547799999999999,0.9253,2.1881666666666666,-3.64276,-0.58302,-1.60564
-0.23347,1.2778,1.7735666666666667,-3.2093000000000003,0.0,-0.7191799999999999
0.0,1.8506,0.9366666666666666,-1.7843399999999998,0.0,0.0
0.0,1.3218666666666665,0.4529666666666667,-0.782,0.0,0.2899
0.0,1.1015333333333335,0.0,-0.47678000000000004,0.0,0.0
0.0,1.7184333333333335,0.5067333333333334,-0.79284,0.0,0.0
-0.9778,0.0,2.1805,-0.8217399999999999,-0.92424,-1.1875
-1.53721,-0.5728,3.0864666666666665,-0.7440800000000001,-1.43608,-1.0685600000000002
-1.8700800000000002,-0.8812333333333333,3.6469666666666662,-1.2894999999999999,-1.8108799999999998,-1.3529
-1.9116900000000001,-0.8371666666666666,3.4627,-1.15946,-1.88476,-1.09272
-2.15903,0.5728,3.685333333333333,-2.2178,-2.19106,-1.2915800000000002
-2.19833,0.35250000000000004,4.361,-3.2382,-2.1252400000000002,-1.27484
-2.34165,0.5728,4.176733333333334,-3.0738600000000003,-2.36838,-1.41794
-2.48035,1.1015333333333335,4.169033333333333,-3.50188,-2.43422,-1.89554
-2.67221,1.3659333333333334,4.0385333333333335,-3.48202,-2.6276599999999997,-2.38058
-2.75543,1.5421666666666667,4.000133333333333,-3.55426,-2.8023,-2.34714
-2.79935,1.2778,3.7621333333333333,-3.6554,-2.86142,-2.87864
-2.80166,1.5421666666666667,3.6008999999999998,-3.5199399999999996,-2.84932,-2.82288
-2.8825700000000003,1.3659333333333334,3.4319666666666664,-3.52718,-2.85738,-3.1295200000000003
-2.89875,1.1456,3.6085666666666665,-3.74932,-2.88022,-3.2168599999999996
-2.84789,1.2778,3.439666666666667,-3.45854,-2.8547000000000002,-2.9808399999999997
-2.86407,1.2778,3.4627,-3.4332599999999998,-2.87216,-2.82474
-2.8825700000000003,1.5421666666666667,3.0711333333333335,-2.9059,-2.98232,-2.47908
-2.89181,1.4540333333333333,3.1018333333333334,-2.77948,-2.9366399999999997,-2.17244
-2.90106,1.1015333333333335,3.1248666666666662,-2.8246200000000004,-2.96352,-2.25794
-2.9288,1.2778,2.5720666666666667,-2.20154,-3.04278,-2.15944
-2.96116,1.0574999999999999,2.9022,-2.70182,-3.06426,-2.37688
-2.93573,1.0574999999999999,2.6718666666666664,-2.44536,-3.02666,-2.31182
-2.9472899999999997,0.9693666666666667,2.6488333333333336,-2.52122,-3.0871,-2.38058
-2.93804,0.8812333333333333,2.464566666666667,-2.2214,-3.10456,-2.54412
-3.05825,0.9253,2.6795333333333335,-2.90048,-3.16234,-3.1797
-2.9889,0.8812333333333333,2.4799333333333333,-2.5284400000000002,-3.09516,-3.07562
-2.98428,0.6609333333333333,2.618133333333333,-2.53928,-3.16502,-2.9715599999999998
-2.9519100000000003,0.7931,2.4569,-2.40382,-3.08038,-3.02916
-2.98196,0.7931,2.1267333333333336,-2.2196000000000002,-3.09114,-3.4714599999999995
-3.00508,0.9253,2.1958333333333333,-2.36048,-3.1059200000000002,-3.4027000000000003
-3.00046,0.6168666666666667,2.6718666666666664,-2.83908,-3.10188,-3.39342
-2.90568,1.0134333333333332,2.3417333333333334,-2.36228,-3.0589,-2.95112
-2.8571400000000002,1.0574999999999999,2.8331,-2.91674,-2.9259,-2.61102
-2.90106,0.6168666666666667,2.8638333333333335,-2.92396,-2.88156,-2.8136
-2.91955,0.0,3.1018333333333334,-3.05218,-2.8842600000000003,-2.9715599999999998
-3.0166399999999998,0.7050000000000001,2.7563333333333335,-3.1244199999999998,-2.9259,-3.5346400000000004
-2.94267,0.8812333333333333,2.7563333333333335,-3.06844,-2.895,-3.3525199999999997
-2.90337,0.39653333333333335,2.9943333333333335,-3.07566,-2.89902,-3.27076
-2.76699,0.48466666666666663,2.8868666666666667,-2.74516,-2.83858,-2.77642
-2.8109100000000002,0.7490333333333333,2.9022,-3.11358,-2.81036,-3.13882
-2.82709,0.7050000000000001,2.7947,-3.01968,-2.83052,-3.2205800000000004
-2.84789,0.6168666666666667,2.9022,-3.09734,-2.86544,-3.0589
-2.74156,0.7490333333333333,2.7563333333333335,-2.80836,-2.77812,-2.66678
-2.61904,0.5728,2.6642,-2.4309000000000003,-2.7203600000000003,-2.28766
-2.70688,0.7490333333333333,2.6642,-2.5483000000000002,-2.80364,-2.4958
-2.75774,0.6168666666666667,2.5029666666666666,-2.4887,-2.82648,-2.71138
-2.68608,0.44060000000000005,2.6258,-2.45438,-2.7432,-2.4493400000000003
-2.72769,0.7931,2.3954666666666666,-2.66388,-2.7351400000000003,-2.6928
-2.78085,0.5287333333333334,2.5106333333333333,-2.7596,-2.74186,-2.93624
-2.73,0.44060000000000005,2.5566999999999998,-2.71626,-2.7055800000000003,-2.82846
-2.6745200000000002,0.0,2.6872333333333334,-2.68194,-2.70962,-2.4735
-2.75543,0.0,2.5951,-2.56636,-2.7405,-2.8470400000000002
-2.6236699999999997,0.0,2.4492,-2.29546,-2.6102,-2.6147400000000003
-2.60286,0.0,2.3878,-2.2809999999999997,-2.53766,-2.80802
-2.58437,-0.35250000000000004,2.2419,-2.01372,-2.5296,-3.0273
-2.67683,0.0,2.541333333333333,-2.77948,-2.64648,-3.18712
-2.30929,0.0,2.1190666666666664,-2.09498,-2.31062,-2.59058
-1.96717,0.39653333333333335,1.7735666666666667,-1.9505,-1.97074,-2.2653600000000003
-1.47249,0.0,1.9348,-1.89632,-1.49384,-1.80262
-1.18816,0.48466666666666663,0.7524000000000001,-1.03304,-1.23726,-2.22634
-0.76745,0.0,0.4529666666666667,-0.49304,-0.8691599999999999,-1.48112
0.0,0.44060000000000005,0.0,0.0,0.0,0.0
0.0,0.5287333333333334,0.0,-0.2113,0.0,0.0
0.0,0.5287333333333334,0.0,0.0,0.0,0.0
0.0,0.5728,0.0,-0.22032,0.0,0.0
0.0,0.5287333333333334,0.0,0.0,0.0,0.0
0.0,0.0,0.0,-0.40815999999999997,0.0,1.35662
0.0,0.0,0.36083333333333334,-0.58696,0.0,1.73944
0.0,0.39653333333333335,0.0,-0.25284,0.0,0.86786
0.0,0.0,0.0,0.0,0.0,0.56866
0.0,0.5287333333333334,0.0,0.0,0.0,0.0
0.0,0.5287333333333334,0.0,0.0,0.0,0.0
0.0,0.5728,0.0,0.0,0.0,0.0
0.0,0.5728,0.0,0.0,0.0,0.0
0.0,0.5728,0.0,0.0,0.0,0.0
0.0,0.48466666666666663,0.0,0.0,0.0,0.0
0.0,0.5728,0.0,0.0,0.0,0.0
0.0,0.6168666666666667,0.0,0.0,0.0,0.0
0.0,0.5728,0.0,0.0,0.0,0.0
0.0,0.5728,0.0,0.0,0.0,0.0
0.0,0.5287333333333334,0.0,0.0,0.0,0.0
0.0,0.5287333333333334,0.0,0.0,0.0,0.0
0.0,0.5728,0.0,0.0,0.0,0.0
0.0,0.5287333333333334,0.0,0.0,0.0,0.0
0.0,0.44060000000000005,0.0,0.0,0.0,0.0
0.0,0.5728,0.0,0.0,0.0,0.0
0.0,0.5287333333333334,0.0,0.0,0.0,0.0
0.0,0.5287333333333334,0.0,0.0,0.0,0.0
0.0,0.5287333333333334,0.0,0.0,0.0,0.0
0.0,0.6168666666666667,0.0,0.0,0.0,0.0
0.13407,0.6609333333333333,0.0,-0.5363800000000001,0.0,2.88422
0.0,0.5287333333333334,0.0,0.0,0.0,1.7078600000000002
0.0,0.35250000000000004,0.0,-0.54,0.0,1.4458199999999999
0.0,-0.9693666666666667,-0.39923333333333333,0.5725,0.0,2.2337800000000003
0.0,-6.036566666666666,-1.5355666666666667,3.5885800000000003,0.0,2.56456
0.0,-8.3278,-1.4587666666666665,4.962960000000001,-0.27002000000000004,2.2152000000000003
0.11095,-8.8125,-1.2361,5.242900000000001,-0.22835999999999998,2.49396
0.1202,-10.486866666666666,-1.3742999999999999,6.24344,0.0,2.59058
0.12251000000000001,-13.835633333333334,-3.3245,6.508920000000001,0.0,2.56828
0.20804,-12.9103,-3.025066666666667,5.8407,0.0,2.8489
0.27044999999999997,-11.500300000000001,-2.6488333333333336,4.75708,-0.3318,3.2912
0.15718000000000001,-7.182166666666667,-2.1421,4.17192,-0.21358000000000002,1.95502
0.0,-3.7893666666666665,-1.6507333333333334,3.59218,0.0,1.12618
0.0,0.6168666666666667,-1.0978999999999999,2.56094,0.0,0.41997999999999996
0.0,0.6609333333333333,-0.5374333333333333,1.13238,0.0,1.2915800000000002
0.0,1.3218666666666665,0.0,0.4497,-0.22835999999999998,1.31758
0.0,1.5421666666666667,0.37620000000000003,-1.20822,-0.25524,1.37706
0.0,-1.8506,0.9443666666666667,-2.9673,0.0,1.6688199999999997
0.0,-8.063433333333334,1.1516666666666666,-1.7933800000000002,0.0,2.1929
0.0,-11.588433333333334,1.4203999999999999,-0.5111,0.0,1.8620999999999999
0.10402,-12.513766666666667,2.4415333333333336,0.61946,-0.22568000000000002,2.13156
0.0,-8.283733333333332,4.506866666666666,1.00956,-0.2203,2.22076
0.13176000000000002,-8.239700000000001,3.908,3.8342,0.0,2.29882
0.15487,-9.7378,2.8868666666666667,5.13274,0.0,2.33228
0.15025,-11.720633333333334,1.1823666666666666,5.5734,0.0,1.77476
0.14331,-14.540633333333332,-1.4741333333333333,4.71192,0.0,2.0405
0.0,0.8812333333333333,0.0,0.3594,0.0,0.52406
0.0,4.5825000000000005,0.0,0.67906,-0.28614,0.61512
0.0,4.053733333333333,0.0,0.5689,-0.31568,0.39211999999999997
0.0,2.8640666666666665,0.0,0.29438,-0.29554,0.40698
0.0,1.3659333333333334,-0.36083333333333334,0.23296,-0.22568000000000002,0.67086
0.0,0.8812333333333333,0.0,-0.3034,-0.22164,0.37538
0.0,-0.35250000000000004,0.0,-1.45566,-0.21896,1.1410399999999998
0.0,-4.053733333333333,0.44530000000000003,-2.27378,0.0,1.33804
0.0,-12.029066666666667,1.0365,-1.96676,0.0,1.75616
0.0,-15.377833333333333,3.8619333333333334,-0.38286,-0.22164,1.8751000000000002
0.0,-11.676566666666666,5.627833333333334,-0.40996,-0.36269999999999997,1.31944
0.0,-13.835633333333334,3.7851666666666666,1.89632,-0.36674,1.07042
0.13176000000000002,-14.937199999999999,2.9022,3.3826799999999997,-0.313,1.12432
0.16874,-18.374066666666668,0.0,4.94672,-0.35734,0.8214
0.10402,-8.636233333333333,-2.2572666666666668,5.98518,0.0,0.6336999999999999
0.0,-2.8640666666666665,-1.1439666666666668,2.80836,0.0,0.7322
0.0,-0.35250000000000004,-0.6219,1.0782,-0.28748,0.2806
0.0,1.3659333333333334,0.0,0.0,-0.22702,0.8251200000000001
0.0,1.5862333333333334,0.0,-1.49538,-0.22433999999999998,1.10574
0.0,0.7931,0.4376333333333333,-2.4598,-0.24180000000000001,1.24326
0.0,0.44060000000000005,0.5220666666666667,-2.92034,-0.21627999999999997,1.28786
0.0,-1.4100000000000001,0.7601,-3.9461799999999996,-0.26598,1.2321
0.0,-13.1747,0.6065333333333334,-2.6404,0.0,2.1612999999999998
0.0,-20.665333333333333,2.8868666666666667,0.0,-0.55482,1.22466
0.0,-13.967833333333333,5.766033333333334,0.46776,-0.46212,1.3845
0.1202,-20.0044,1.7812333333333334,2.62958,-0.45136000000000004,1.09458
0.2011,-22.604066666666668,-0.6833,4.6722,-0.37076,1.43466
0.12944,-18.285933333333332,-1.0748666666666666,5.31334,-0.34121999999999997,0.63556
0.0,-5.463733333333334,-1.9732,5.4506,-0.33852000000000004,0.0
0.0,-1.3659333333333334,-1.7351666666666665,3.8956000000000004,-0.29554,0.48502
0.0,-0.9693666666666667,-1.62,1.93966,-0.29688,0.46458000000000005
0.0,0.7931,-0.7140333333333334,0.49124,-0.27671999999999997,1.22652
0.0,0.9693666666666667,0.0,-0.80368,-0.28614,1.18192
0.0,-1.4100000000000001,0.7601,-4.23152,-0.32644,1.1076000000000001
0.0,-9.429366666666667,0.5988666666666667,-3.9624200000000003,-0.21358000000000002,1.7859000000000003
0.0,-20.180633333333333,0.0,-2.62054,-0.33584,1.719
0.11557999999999999,-28.155966666666668,1.0978999999999999,-0.55806,-0.53332,1.509
0.0,-13.483133333333333,7.002166666666667,-0.26908,-0.64214,1.09272
0.11789000000000001,-20.7975,1.7428666666666668,3.8414200000000003,-0.57094,1.31388
0.10402,-15.069366666666667,2.0806666666666667,5.64926,-0.2539,1.1577600000000001
0.12944,-12.601866666666666,-2.4952666666666667,5.93642,-0.3439,1.4551
0.0,-2.4675,-1.2821666666666667,0.56528,-0.22568000000000002,0.65042
0.0,-1.1896666666666667,0.0,-1.6434799999999998,0.0,0.9366199999999999
0.0,-1.2778,0.5681333333333333,-2.8571400000000002,-0.24447999999999998,0.81024
0.0,-1.4100000000000001,0.6756333333333333,-3.34838,0.0,1.07042
0.0,-5.331566666666666,0.4222666666666666,-3.6265,-0.29956,1.5071400000000001
0.0,-12.69,-0.4222666666666666,-3.49106,-0.42182000000000003,1.9866
0.0,-19.695966666666667,-1.6737666666666666,-3.09192,-0.48495999999999995,2.3991800000000003
0.0,-22.868466666666666,-2.0115666666666665,-2.9691,-0.59108,1.9383
0.0,-16.479400000000002,0.0,-3.72042,-0.4769,1.9438600000000001
0.12944,-16.082833333333333,-1.1132666666666666,-0.27992,0.0,2.0944
0.0,-15.686266666666667,-1.6584,0.55444,0.0,1.4421
0.0,-7.490633333333334,0.0,0.45330000000000004,0.0,1.6762599999999999
0.0,-1.0574999999999999,0.6526,-0.56708,0.0,0.8753
0.0,-2.070933333333333,0.5067333333333334,-3.63554,0.0,0.62256
0.0,-1.6303,0.9366666666666666,-5.09662,0.0,0.35866
0.0,-1.4100000000000001,1.0672,-5.4668399999999995,0.0,0.61326
0.0,-0.7490333333333333,0.9904333333333333,-5.87502,0.0,0.44414
0.0,-16.038766666666668,0.7293666666666666,-3.25988,0.0,1.47184
0.14562999999999998,-20.665333333333333,2.6565,-1.9577200000000001,0.0,2.0479399999999996
0.0,-14.672833333333335,6.0194,-1.6344400000000001,0.0,1.7468800000000002
0.0,-7.182166666666667,8.737366666666667,-1.4357799999999998,0.0,1.44768
0.0,-15.289700000000002,3.984766666666667,0.0,0.0,1.21166
0.0,-7.622800000000001,5.581766666666667,0.0,0.0,0.6968799999999999
0.0,-1.4100000000000001,3.8235333333333332,0.49484000000000006,0.0,0.0
0.0,-1.8946666666666667,0.7831333333333333,-1.04748,0.0,0.79352
0.0,-4.0978,-0.6679666666666666,-1.7699000000000003,0.0,0.7006
0.0,-1.4100000000000001,0.6449333333333334,-4.57828,0.0,0.0
0.0,-1.3659333333333334,0.691,-4.61982,0.0,0.63742
0.0,-2.1590333333333334,0.9904333333333333,-5.66732,0.0,0.24344000000000002
0.0,-3.1725,0.7447333333333334,-4.99006,0.0,0.92918
0.0,-15.554066666666666,0.0,-3.29962,0.0,1.2915800000000002
0.1595,-23.044700000000002,2.848466666666667,-0.85064,0.0,0.93848
0.14331,-19.1672,3.7621333333333333,-0.45692000000000005,-0.27404,0.4107
0.1595,-21.105966666666667,1.9808666666666666,0.34493999999999997,0.0,0.68202
0.18723,-22.38376666666667,0.0,1.57304,-0.20956000000000002,0.8436999999999999
0.0,-10.266566666666668,-0.4990333333333334,1.93786,0.0,0.59096
0.0,-2.1590333333333334,0.0,1.50802,0.0,0.45158
0.0,-3.3487333333333336,-1.3512666666666666,0.28174,0.0,0.4906
0.0,-2.4675,0.0,-1.6398599999999999,0.0,0.57238
0.0,-1.0574999999999999,0.6679666666666666,-4.1918,0.0,0.65228
0.0,-1.3659333333333334,1.0134666666666667,-5.43254,0.0,0.57424
0.0,-1.4540333333333333,0.9904333333333333,-5.7811,-0.20015999999999998,0.49804000000000004
0.0,-3.657166666666667,1.0441666666666667,-5.68358,0.0,0.75822
0.0,-13.395000000000001,0.8445333333333332,-4.66678,0.0,1.26742
0.14562999999999998,-23.309066666666666,3.5625,-2.1275,-0.31972,0.5816600000000001
0.17568,-26.217200000000002,2.955966666666667,-1.90536,-0.40972,0.47016
0.2011,-32.077533333333335,0.9213333333333332,-0.95358,-0.47556000000000004,0.29734
0.21497000000000002,-29.433766666666667,1.2207666666666668,-0.8325799999999999,-0.38688,0.55008
0.18723,-25.820633333333333,0.4376333333333333,-0.52012,-0.42988,0.33077999999999996
0.0,-11.4122,0.0,0.51832,-0.21896,0.6968799999999999
0.0,-4.714666666666667,0.33780000000000004,0.4244,0.0,0.5538000000000001
0.0,0.0,0.6295666666666667,0.0,0.0,0.33822
0.0,0.44060000000000005,0.0,0.34493999999999997,0.0,0.0
0.0,-1.9828000000000001,0.5067333333333334,-2.7505800000000002,0.0,0.5761000000000001
0.0,-2.5556,0.4222666666666666,-3.4152,0.0,0.39211999999999997
0.0,-2.9080999999999997,0.9827333333333333,-5.02618,0.0,0.88458
0.0,-2.643733333333333,1.2284333333333333,-5.5336799999999995,0.0,0.6336999999999999
0.0,-2.3793666666666664,1.2975333333333332,-5.74136,-0.22835999999999998,0.7006
0.0,-16.038766666666668,0.7984666666666667,-4.8762799999999995,0.0,1.30458
0.12251000000000001,-23.8819,1.5509000000000002,-3.0251,-0.33852000000000004,0.5259199999999999
0.1595,-25.732533333333333,3.3321666666666663,-2.56456,-0.4769,0.47573999999999994
0.1595,-29.874399999999998,2.2803,-2.36408,-0.5078,0.34750000000000003
0.19879,-30.2269,1.1746999999999999,-1.10708,-0.50644,0.6466999999999999
0.1202,-21.590633333333333,0.42993333333333333,0.0,-0.2512,0.5222
0.0,-14.760933333333334,0.0,0.46052,0.0,0.62626
0.0,-9.914066666666667,0.0,0.67726,0.0,0.63742
0.0,-4.2299999999999995,0.0,0.49846,0.0,0.22486
0.0,-3.6130999999999998,-0.6449333333333334,-1.2461600000000002,0.0,0.42742
0.0,-1.9387333333333334,0.4146,-2.5194,0.0,0.88458
0.0,-2.952166666666667,0.8829333333333333,-4.6433,0.0,0.55564
0.0,-3.0403000000000002,1.2130666666666667,-5.49936,0.0,0.78052
0.0,-2.775933333333333,1.4357333333333333,-5.89488,0.0,0.67644
0.0,-1.9387333333333334,1.4203999999999999,-6.07368,-0.2606,0.67458
0.0,-7.446566666666667,1.5893,-5.82986,0.0,1.1113
0.10171,-16.30313333333333,1.2591333333333334,-5.18692,0.0,1.03698
0.14794000000000002,-21.2822,2.6027666666666667,-3.76376,0.0,1.1299
0.17104999999999998,-21.766900000000003,4.345633333333333,-3.0738600000000003,-0.30628,0.89574
0.20342,-25.46813333333333,2.410833333333333,-0.59056,-0.30898,0.7024600000000001
0.141,-18.374066666666668,2.203533333333333,0.0,-0.26464,0.45716
0.0,-10.3547,2.1190666666666664,0.49664,0.0,0.69316
0.0,-3.8334333333333332,3.2477,0.35036,0.0,0.45343999999999995
0.0,-3.0403000000000002,1.2975333333333332,0.48941999999999997,0.0,0.0
0.0,-4.979066666666667,-0.5604666666666667,-1.8295000000000001,0.0,0.31964000000000004
0.0,-2.8200000000000003,0.0,-2.54108,0.0,0.87158
0.0,-3.436866666666667,0.6219,-3.4260399999999995,0.0,0.81024
0.0,-2.8640666666666665,0.9520333333333334,-4.6451,0.0,0.49246
0.0,-2.996233333333333,1.5432333333333332,-6.12244,-0.27002000000000004,0.9124599999999999
0.0,-7.182166666666667,1.4127,-5.84972,0.0,1.07786
0.0,-14.672833333333335,1.167,-5.10022,-0.3224,0.82698
0.10402,-17.580933333333334,2.2879666666666667,-3.4946599999999997,-0.3439,1.0221
0.0,-15.774366666666666,5.29,-3.78544,-0.54676,0.21556000000000003
