x,y,z,3,4,5
0,0,4.79772,11.378,0,0
0,0,4.8506,0,0,0
0,0,4.74484,0,0,0
0,0.68409,4.90348,0,0,0
0,0,4.63912,0,0,0
0,0.34548,4.74484,0,0,0
0,0,4.8506,0,0,0
0,0,4.90348,-10.204,0,0
0,0,5.00924,-13.274,0,0
0,0,4.692,0,0,0
0,0,4.8506,-11.648,0,0
0,0,5.00924,-14.177,0,0
0,0,4.74484,0,0,0
0,0,5.115,-12.461,0,0
0,0,4.79772,0,0,0
0,0,5.115,-12.822,0,0
0,0,4.79772,0,0,0
0,0,4.90348,0,0,0
0,0,5.00924,0,0,0
0,-0.97431,4.79772,0,0,0
0,-1.49946,5.2736,16.434,0,0
0,-1.61004,5.32648,17.337,0,0
0,-1.50639,5.16784,18.15,0,0
0,-0.50442,5.538,0,0,0
0,0,4.74484,0,0,0
0,-0.31095,4.74484,0,0,0
0,0,4.63912,0,0,0
0,0,4.63912,0,0,0
0,0,4.63912,0,0,0
0,0,4.692,0,0,0
0,-0.33858,4.63912,0,0,0
0,-0.36621,4.63912,0,0,0
0,-0.36621,4.63912,0,0,0
0,-0.37314,4.48048,0,0,0
0,-0.40077,4.4276,0,0,0
0,-0.48369,4.37472,10.655,0,0
0,-0.35241,4.58624,12.642,0,0
0,-0.4284,4.37472,12.1,0,0
0,0,4.269,0,0,0
0,0,4.37472,0,0,0
0,0,4.16324,0,0,0
0,0,4.21612,0,0,0
0,0,4.05748,0,0,0
0,0,4.11036,0,0,0
0,0,4.11036,0,0,0
0,0,4.16324,0,0,0
0,0,4.269,0,0,0
0,0.52515,4.32184,-13.093,0,0
0,0.47679,4.37472,-13.093,0,0
0,0,4.11036,0,0,0
0,0,4.16324,0,0,0
0,0.39387,4.32184,-10.926,0,0
0,0.34548,4.32184,-10.113,0,0
0,0,4.269,0,0,0
0,0,4.269,0,0,0
0,0,4.4276,0,0,0
0,0,4.269,0,0,0
0,0,4.48048,0,0,0
0,0,4.58624,0,0,0
0,0,4.53336,0,0,0
0,0,4.58624,0,0,0
0,0,4.74484,0,0,0
0,0,4.53336,0,0,0
0,0,4.74484,0,-10.314,0
0,0,4.74484,0,-11.614,0
0,0,4.74484,0,-11.522,0
0,0,4.74484,0,-10.221,0
0,0,4.63912,0,-10.314,0
0,0,4.692,0,-10.035,0
0,0,4.692,0,0,0
0,0,4.58624,0,0,0
0,0,4.692,0,0,0
0,0,4.58624,0,0,0
0,0,4.692,0,0,0
0,0,4.692,0,0,0
0,0,4.53336,0,0,0
0,0,4.4276,0,0,0
0,-0.34548,4.692,0,0,0
0,-0.43533,4.63912,0,0,0
0,-0.76008,4.16324,0,0,0
0,-0.55278,4.63912,0,0,0
0,0,4.63912,0,0,0
0,0,4.16324,0,0,0
0,0,4.05748,0,0,0
0,-0.38004,4.05748,0,0,0
0,-0.58044,4.21612,0,0,0
0,-0.64263,4.11036,0,0,0
0,-0.44223,4.21612,0,0,0
0,-0.55278,4.16324,0,0,0
0,-0.59424,4.16324,0,0,0
0,-0.64953,4.05748,10.655,0,0
0,-0.60117,3.79312,0,0,0
0,-0.46986,4.0046,0,0,0
0,0,3.846,0,0,0
0,0,3.846,0,0,0
0,0,3.79312,0,0,0
0,0,3.846,0,0,0
0,0,3.79312,0,0,0
0,0,3.846,0,0,0
0,0,3.89884,0,0,0
0,0.30402,3.89884,0,0,0
0,0,4.05748,0,0,0
0,0.48369,4.11036,0,0,0
0,0.61497,4.16324,-12.01,0,0
0,0.35931,4.21612,0,0,0
0,0,4.21612,0,0,0
0,0,4.0046,0,0,0
0,0,4.16324,0,0,0
0,0,4.37472,0,0,0
0,0,4.37472,0,0,0
0,0,4.269,0,0,0
0,0,4.48048,0,0,0
0,0,4.48048,0,0,0
0,0,4.37472,0,0,0
0,0,4.4276,0,0,0
0,0,4.48048,0,0,0
0,0,4.53336,0,0,0
0,0,4.48048,0,0,0
0,0,4.48048,0,0,0
0,0,4.37472,0,0,0
0,0,4.37472,0,0,0
0,0,4.4276,0,0,0
0,0,4.53336,0,0,0
0,0,4.48048,0,0,0
0,0,4.32184,0,0,0
0,0,4.4276,0,0,0
0,0,4.63912,0,0,0
0,0,4.4276,0,0,0
0,0,4.269,0,0,0
0,0,4.63912,0,0,0
0,0,4.4276,0,0,0
0,0,4.48048,0,0,0
0,0,4.32184,0,0,0
0,0,4.32184,0,0,0
0,0,4.269,0,0,0
0,0,4.21612,0,0,0
0,0,4.16324,0,0,0
0,0,4.16324,0,0,0
0,0,4.11036,0,0,0
0,0,4.0046,0,0,0
0,0,3.95172,0,0,0
0,-0.46296,3.95172,0,0,0
0,0,4.269,0,0,0
0,0.33858,4.16324,0,0,0
0,0,3.89884,0,0,0
0,0,4.11036,0,0,0
0,0,4.11036,0,0,0
0,0,4.21612,0,0,0
0,0,4.21612,0,0,0
0,0,4.37472,0,0,0
0,0,4.4276,0,0,0
0,0,4.48048,0,0,0
0,0,4.692,0,0,0
0,0,4.63912,0,0,0
0,0,4.58624,0,0,0
0,0,4.37472,0,0,0
0,0,4.21612,0,0,0
0,0,4.16324,0,0,0
0,0,3.95172,0,0,0
0,0,5.00924,0,0,0
0,0,4.74484,0,0,0
0,0,5.115,0,0,0
0,0,4.79772,0,0,0
0,0,5.115,0,0,0
0,0,4.79772,0,0,0
0,0,4.90348,0,0,0
0,0,5.00924,0,0,0
0,0,4.79772,0,0,0
1.3869,0,5.2736,0,0,0
2.2884,-0.32475,5.32648,0,0,0
3.0282,-0.40767,5.16784,0,0,0
3.19,-0.36621,5.538,0,0,0
3.6061,-0.37314,4.74484,0,0,0
3.9528,-0.31785,4.74484,0,10.406,0
3.9297,-0.38694,4.63912,0,0,0
3.6061,-0.46296,4.63912,0,0,0
3.7679,-0.48369,4.63912,0,0,0
3.5598,-0.54588,4.692,0,0,0
3.5598,-0.49752,4.63912,0,0,0
3.2362,-0.50442,4.63912,0,0,0
3.3749,-0.31095,4.63912,0,0,0
3.4674,0,4.48048,0,0,0
3.7216,0,4.4276,0,0,0
4.2302,0,4.37472,0,12.451,0
4.2995,0,4.58624,0,12.822,0
3.791,0,4.37472,0,0,0
2.6583,0,4.269,0,0,0
0,0,4.37472,0,0,0
0,0,4.16324,0,0,0
0,0,4.21612,0,0,0
0,0.35931,4.05748,0,0,0
0,0,4.11036,0,0,0
0,0,4.11036,0,0,0
0,0.57351,4.16324,0,0,0
0,0.35241,4.269,0,0,0
0,0.50442,4.32184,0,0,0
0,0,4.37472,0,0,0
0,0,4.692,0,0,0
0,0,4.90348,0,-13.287,0
0,0,4.692,0,-12.915,0
0,0,4.8506,0,-12.915,0
0,0,5.16784,-13.003,-12.172,0
0,0,4.90348,-11.919,-10.592,0
0,0,4.90348,0,-10.035,0
0,0,5.115,-12.01,0,0
0,0,5.16784,-13.003,0,0
0,0,5.16784,-13.093,0,0
0,-1.08486,4.8506,0,0,0
0,-0.82227,5.74948,0,0,0
0,-0.67716,5.48512,0,0,0
0,-0.51132,5.43224,0,0,0
0,-0.6219,4.90348,0,0,0
0,-0.35241,5.115,10.836,0,0
0,0,5.00924,10.023,0,0
0,0,5.00924,10.926,0,0
0,0,4.79772,12.281,0,0
0,0,4.8506,14.177,0,0
0,0,4.8506,13.996,0,0
0,0,4.74484,12.1,0,0
0,0,4.63912,11.107,0,0
0,0,4.74484,12.642,0,0
0,0,4.74484,0,0,0
0,0,4.74484,0,0,0
0,0,4.692,0,0,0
0,0,4.74484,0,0,0
0,0.85683,4.74484,-19.505,0,0
0,0.82227,4.8506,-22.575,0,0
0,0.35931,4.8506,-17.247,0,0
0,0,4.8506,-15.802,0,0
0,0,5.00924,-16.073,0,0
0,0,5.06212,-15.893,0,0
0,0,5.32648,-17.067,0,0
0,0,5.32648,-17.067,0,0
0,0,5.16784,-17.247,0,0
0,0.58044,5.00924,-19.234,0,0
0,0.80847,4.90348,-21.04,0,0
0,0.93975,4.692,-20.137,0,0
0,1.12632,4.692,-22.033,0,0
0,0.8361,4.74484,-16.705,0,0
0,0.56661,4.79772,0,0,0
0,-0.81537,4.79772,13.996,0,0
0,-1.4442,5.32648,17.699,0,0
0,-1.4511,4.90348,18.06,0,0
0,-1.56165,4.90348,18.331,0,0
0,-0.93285,5.16784,0,10.035,0
0,0,4.74484,-11.197,0,0
0,0,4.63912,-10.204,0,0
0,0,4.58624,0,0,0
0,-0.47679,4.74484,0,0,0
0,-0.55971,4.74484,0,0,0
0,-0.49059,4.74484,0,0,0
0,-0.44913,4.63912,0,0,0
0,-0.37314,4.32184,0,0,0
0,-0.4284,4.32184,0,0,0
0,-0.31785,4.4276,0,10.592,0
0,-0.36621,4.269,0,0,0
0,0,5.00924,0,0,0
0,0,4.74484,0,0,0
0,0,5.115,0,0,0
0,0,4.79772,0,0,0
0,0,5.115,0,0,0
0,0,4.79772,0,0,0
0,0.67026,4.90348,-11.378,0,0
-1.595,0,5.00924,0,0,0
-2.5889,0,4.79772,0,0,0
-3.398,0,5.2736,0,0,0
-4.1146,0.35241,5.32648,0,0,0
-3.9297,0.44223,5.16784,0,0,0
-3.19,0.37314,5.538,0,0,0
-3.005,0,4.74484,0,0,0
-2.8432,0.31785,4.74484,0,0,0
-2.4271,0.55971,4.63912,0,0,0
-2.2653,0.56661,4.63912,0,0,0
-2.2884,0.59424,4.63912,0,0,0
-2.1266,0.71862,4.692,0,0,0
-2.2884,0.52515,4.63912,0,0,0
-2.5196,0.33168,4.63912,0,0,0
-2.9819,0,4.63912,0,0,0
-2.7508,0,4.48048,0,0,0
-1.9879,0,4.4276,0,0,0
-1.0171,0,4.37472,0,0,0
0,0,4.58624,0,0,0
0,0,4.37472,0,0,0
0,0,4.269,0,0,0
0,0,4.37472,0,0,0
0,0,4.16324,0,0,0
0,0,4.21612,0,0,0
0,0,4.05748,0,0,0
0,-0.43533,4.11036,0,0,0
0,0,4.11036,0,0,0
0,0,4.16324,0,0,0
0,0,4.269,0,0,0
0,0,4.32184,0,0,0
0,0,4.37472,0,0,0
0,0,4.21612,0,0,0
0,0,4.21612,0,0,0
0,0,4.269,0,0,0
0,0,4.05748,0,0,0
0,0,4.269,0,0,0
0,0,4.48048,0,0,0
0,0,4.58624,0,0,0
0,0,4.53336,0,0,0
0,0,4.692,0,0,0
0,0,4.74484,0,0,0
0,0,4.74484,0,0,0
0,0,4.79772,0,0,0
0,0,4.79772,0,0,0
0,0,4.74484,0,0,0
0,0.52515,4.48048,0,0,0
0,0,4.32184,0,0,0
0,0.49059,4.48048,-12.19,0,0
0,0,4.63912,-10.836,0,0
0,0,4.63912,-12.551,0,0
0,0,4.37472,0,0,0
0,0,4.58624,0,0,0
0,0,4.58624,0,0,0
0,-0.8361,4.53336,0,0,0
0,-0.79464,5.16784,0,0,0
0,-0.52515,4.79772,0,0,0
0,0,4.74484,0,0,0
0,0,4.74484,0,0,0
0,0,4.692,0,0,0
0,0,4.692,0,0,0
0,0,4.53336,0,0,0
0,0,4.48048,0,0,0
0,0,4.37472,10.204,0,0
0,0,4.58624,12.01,0,0
0,0,4.4276,0,0,0
0,0,4.58624,12.01,0,0
0,0,4.4276,11.558,0,0
0,0,4.4276,0,0,0
0,0,4.37472,0,0,0
0,0,4.32184,0,0,0
0,0.60807,4.269,-11.648,0,0
0,0,4.21612,0,0,0
0,0,4.269,0,0,0
0,0,4.11036,0,0,0
0,0,3.95172,0,0,0
-2.8432,0.49752,4.0046,0,0,0
-4.0453,0.72555,3.79312,0,-13.845,0
-4.5538,0.74628,3.79312,0,-14.867,0
-4.4151,0.84993,3.79312,0,-13.659,0
-4.2302,0.65643,3.79312,0,-13.845,0
-3.5367,0.60117,3.89884,0,-11.243,0
-2.5427,0.73245,4.0046,0,0,0
-2.6121,0.53898,3.846,0,0,0
-2.9819,0.35931,3.68736,0,0,0
-3.6292,0,3.74024,0,0,0
-2.7276,0,3.79312,0,0,0
0,0,4.0046,0,0,0
0,0,4.0046,0,0,0
0,0,4.16324,0,0,0
0,0,4.269,0,0,0
0,0,4.37472,0,0,0
0,0,4.269,0,0,0
0,0,4.269,0,0,0
0,0,4.21612,0,0,0
0,0,4.269,0,0,0
0,0,4.21612,0,0,0
0,0,4.16324,0,0,0
0,0,4.16324,0,0,0
0,0,4.21612,0,0,0
0,0,4.16324,0,0,0
0,0,4.16324,0,0,0
0,0,4.05748,0,0,0
0,0,4.11036,0,0,0
0,0,4.05748,0,0,0
0,0,3.89884,0,0,0
0,0,4.05748,0,0,0
0,0,3.846,0,0,0
0,0,3.846,0,0,0
0,0,4.74484,0,0,0
0,0,4.63912,0,0,0
0,0,4.74484,0,0,0
0,0,4.74484,0,0,0
-1.8492,0.44223,4.74484,0,0,0
-4.2533,0.98121,4.692,-13.454,-11.8,0
-5.5478,1.2507,4.74484,-15.622,-14.774,0
-6.2644,1.02957,4.74484,-14.809,-16.167,0
-6.7961,0,4.8506,0,-16.632,0
-6.981,-0.34548,4.8506,0,-16.26,0
-6.2644,-0.68409,4.8506,0,-13.473,0
-3.398,-0.55278,5.00924,0,0,0
-3.1668,-0.60807,5.06212,0,0,0
-1.8261,-0.35241,5.32648,0,0,0
0,0,5.32648,0,0,0
0,0,5.16784,0,0,0
0,0,5.00924,0,0,0
0,0,4.90348,0,0,0
0,0,4.4276,0,0,0
0,0,4.4276,0,10.221,0
0,0,4.53336,0,11.707,0
0,0,4.53336,0,11.522,0
0,0,4.4276,0,11.057,0
0,0,4.37472,0,10.592,0
0,0,4.37472,0,10.314,0
0,0,4.37472,0,0,0
0,0,4.4276,0,0,0
0,0,4.4276,0,10.128,0
0,0,4.37472,0,0,0
0,0,4.53336,0,11.429,0
0,0,4.48048,0,10.964,0
0,0,4.4276,0,10.871,0
0,0,4.32184,0,0,0
0,0,4.269,0,0,0
0,0,4.32184,0,0,0
0,0,4.0046,0,0,0
0,0,3.89884,0,0,0
0,0,3.846,0,0,0
0,0,3.79312,0,0,0
0,0,3.79312,0,0,0
0,0,4.05748,0,0,0
0,0,4.11036,0,0,0
0,-0.32475,4.4276,0,0,0
0,0,4.58624,0,11.057,0
0,-0.31095,4.692,0,10.592,0
0,-0.31785,4.90348,0,15.424,0
0,0,4.74484,0,11.986,0
0,0,4.74484,0,0,0
0,0,4.692,0,0,0
0,0,4.58624,0,0,0
0,0,4.74484,0,0,0
0,0,4.48048,0,0,0
0,0,4.48048,0,0,0
0,0,4.32184,0,0,0
0,0,4.269,0,0,0
0,0,4.269,0,0,0
0,0,4.37472,0,0,0
0,0,4.74484,0,-13.194,0
0,0,4.8506,0,-17.004,0
0,0,5.06212,0,-18.49,0
0,0,5.115,0,-18.583,0
0,0,5.22072,0,-19.42,0
0,0,5.115,0,-17.283,0
0,0,5.16784,0,-17.375,0
0,0,5.06212,0,-15.61,0
1.5025,0,4.8506,0,-12.172,0
2.1266,0,4.63912,0,0,0
2.5889,0,4.63912,0,0,0
2.4271,0.30402,4.269,0,0,0
1.6412,0.30402,4.37472,0,0,0
1.3407,0,4.4276,0,0,0
0,0,4.53336,0,-12.358,0
0,-0.69099,4.692,0,-22.393,0
0,-0.66336,5.00924,0,-27.318,0
-1.202,-0.66336,5.22072,0,-36.331,0
0,0,5.32648,0,-26.667,0
0,0,5.80236,0,-27.968,0
0,0,6.01384,0,-29.455,0
0,0,5.961,0,-29.641,0
0,0,5.961,0,-30.013,0
0,-0.55971,6.33112,12.01,-10.499,0
0,-0.32475,6.384,17.428,-15.517,0
0,0,6.17248,20.588,-17.097,0
0,0,5.80236,14.899,-21.092,0
0,0,5.85524,11.016,-26.853,0
0,0,5.59084,0,-23.229,0
0,0,5.64372,0,-22.765,0
0,0,5.74948,0,-23.044,0
0,0.4146,5.64372,0,-15.424,0
0,0.77391,5.37936,0,-11.986,0
0,0.4284,5.00924,0,-10.128,0
0,0,4.79772,0,0,0
0,0,4.53336,0,0,0
0,0.64263,4.58624,0,0,0
0,0.35931,4.37472,0,0,0
0,0,4.16324,0,0,0
0,0,4.269,0,0,0
0,0,4.21612,0,0,0
0,0,4.32184,0,0,0
0,0,4.37472,0,0,0
0,0,4.58624,0,0,0
0,0,4.692,0,0,0
0,0,4.692,0,-10.685,0
0,0,4.74484,0,-12.079,0
0,0,4.58624,0,-12.358,0
0,0,4.58624,0,-10.964,0
0,0,4.58624,0,-10.499,0
0,0,4.53336,0,0,0
0,0,4.53336,10.745,0,0
0,0,4.37472,0,0,0
0,0,4.4276,0,0,0
0,0,4.37472,0,0,0
0,0,4.4276,0,0,0
0,0,4.53336,0,0,0
0,0,4.63912,0,0,0
0,0,4.8506,0,-11.057,0
0,0,4.8506,0,-11.15,0
0,0,4.90348,0,-11.986,0
0,0,5.00924,0,-11.893,0
0,0,4.95636,0,-14.309,0
0,0,5.06212,0,-15.703,0
0,0,5.06212,0,-14.774,0
0,0,5.06212,0,-13.008,0
0,0.31095,5.06212,-14.448,-10.221,0
0,0,4.90348,0,-12.451,0
0,0,5.06212,0,-10.778,0
0,0,5.37936,-14.448,0,0
0,0,5.2736,-12.1,0,0
1.595,-1.13322,5.22072,0,0,0
2.4965,-1.55475,5.64372,0,0,0